time,pH_djy,DO_djy,DD_djy,TSS_djy,CODMn_djy,NH4_djy,TP_djy,TN_djy,WT_djy,pH_ejs,DO_ejs,DD_ejs,TSS_ejs,CODMn_ejs,NH4_ejs,TP_ejs,TN_ejs,WT_ejs,pH_hlx,DO_hlx,DD_hlx,TSS_hlx,CODMn_hlx,NH4_hlx,TP_hlx,TN_hlx,WT_hlx,Q_ZPP,H_ps,Q_ps_dealt,Q_ps,P_ps,H_wj,Q_wj,P_wj
2020-01-01 00:00:00,7.9,9.908,282.7,10.8,1.09,0.065,0.008,0.39,10.36,7.9,9.091000000000001,628.0,32.6,4.19,0.77,0.25,3.61,13.06,7.43,7.6,541.2,31.7,2.08,1.64,0.175,5.49,13.0,3484800,418.23,3283200.0,228.0,0.0,487.08,401760.0,0.0
2020-01-01 04:00:00,7.91,9.976,319.4,10.9,1.05,0.063,0.006999999999999999,0.43,10.16,7.86,8.954,643.9,30.1,4.38,0.82,0.25,4.49,12.94,7.4,7.65,539.3,31.4,1.87,0.12,0.172,5.15,13.1,3484800,418.233,3300004.8,229.167,0.0,487.07800000000003,402480.0,0.0
2020-01-01 08:00:00,7.91,10.264000000000001,303.3,13.6,1.2,0.066,0.009000000000000001,0.43,10.3,7.86,8.852,643.2,45.2,4.42,1.07,0.256,4.538891792,12.78,7.41,7.9,535.7,32.7,2.05,0.98,0.174,5.28,12.7,3484800,418.23699999999997,3316795.2,230.333,0.0,487.077,403200.0,0.0
2020-01-01 12:00:00,7.94,10.218,307.2,13.3,1.16,0.066,0.009000000000000001,0.52,10.53,7.89,9.32,644.3,45.9,4.05,0.72,0.20199999999999999,4.49,12.87,7.39,8.1,527.7,142.5,2.28,0.8,0.185,5.33,13.0,3484800,418.24,3333600.0,231.5,0.0,487.075,403920.0,0.0
2020-01-01 16:00:00,7.94,10.189,302.4,11.4,1.04,0.063,0.006999999999999999,0.42,10.79,7.92,9.373,639.5,48.0,4.12,0.88,0.17800000000000002,4.35,13.84,7.44,8.13,528.1,101.3,7.63,0.97,0.175,5.42,13.1,3484800,418.24300000000005,3350404.8,232.667,0.0,487.07300000000004,404640.0,0.0
2020-01-01 20:00:00,7.9,9.915,273.7,11.9,1.0,0.068,0.008,0.45,10.5,7.9,9.107000000000001,639.6,32.1,4.44,0.87,0.187,4.18,13.06,7.43,8.23,535.0,40.9,7.63,0.88,0.14800000000000002,5.03,12.9,3484800,418.24699999999996,3367195.2,233.833,0.0,487.07199999999995,405360.0,0.0
2020-01-02 00:00:00,7.9,9.979,306.8,11.8,0.93,0.064,0.008,0.47,10.45,7.92,9.182,603.2,48.1,3.92,0.87,0.196,3.16,12.55,7.4,8.06,535.6,34.8,1.62,2.2,0.152,5.26,12.9,4176000,418.25,3384000.0,235.0,0.0,487.07,406080.0,0.0
2020-01-02 04:00:00,7.9,9.958,282.5,10.5,0.94,0.061,0.006999999999999999,0.5,10.27,7.89,9.103,612.4,65.7,4.22,0.87,0.25,4.14,12.42,7.37,8.05,529.8,37.2,8.15,0.06,0.147,4.96,12.7,4176000,418.26300000000003,3463200.0,240.5,0.0,487.06300000000005,402955.2,0.0
2020-01-02 08:00:00,7.91,10.145,300.7,10.0,1.15,0.065,0.008,0.51,10.32,7.95,8.215,531.3,137.5,4.97,0.86,0.243,3.31,11.63,7.35,8.15,529.5,39.1,2.86,0.15,0.153,4.95,12.6,4176000,418.277,3542400.0,246.0,0.0,487.05699999999996,399844.8,0.0
2020-01-02 12:00:00,7.95,10.225,303.5,10.8,0.99,0.062,0.006999999999999999,0.48,11.15,7.91,9.183,471.0,209.2,4.93,0.54,0.23,2.27,11.06,7.36,8.23,513.2,44.9,2.82,0.82,0.153,4.67,12.7,4176000,418.29,3621600.0,251.5,0.0,487.05,396720.0,0.0
2020-01-02 16:00:00,7.92,10.145,301.3,13.0,0.81,0.061,0.006999999999999999,0.55,10.83,7.99,9.24,468.3,126.1,4.32,0.4,0.239,1.99,11.05,7.36,8.41,524.3,41.2,2.82,0.92,0.213,4.92,12.9,4176000,418.30300000000005,3700800.0,257.0,0.0,487.043,393595.2,0.0
2020-01-02 20:00:00,7.9,9.862,283.7,10.2,0.88,0.066,0.006999999999999999,0.43,10.42,8.01,9.456,445.0,224.7,4.46,0.41,0.22399999999999998,2.91,10.82,7.34,8.23,525.4,46.1,3.01,0.95,0.133,5.24,12.9,4176000,418.31699999999995,3780000.0,262.5,0.0,487.037,390484.8,0.0
2020-01-03 00:00:00,7.91,10.359000000000002,295.8,9.7,0.87,0.062,0.006999999999999999,0.39,10.28,8.02,9.655,444.1,139.6,4.17,0.35,0.212,1.7,10.63,7.31,8.18,508.4,40.3,2.81,0.85,0.142,4.93,12.6,3657600,418.33,3859200.0,268.0,0.0,487.03,387360.0,0.0
2020-01-03 04:00:00,7.9,9.96,303.4,9.8,0.89,0.062,0.006,0.52,10.12,7.98,9.157,466.2,88.6,4.32,0.52,0.223,2.16,10.83,7.29,8.21,503.7,57.7,2.84,0.94,0.16699999999999998,4.82,12.3,3657600,418.32199999999995,3808800.0,264.5,0.0,487.01199999999994,385675.2,0.0
2020-01-03 08:00:00,7.9,10.135,285.8,10.5,1.09,0.07200000000000001,0.006999999999999999,0.55,10.06,7.97,9.008,483.1,64.2,3.56,0.5,0.214,1.76,10.8,7.29,8.42,478.7,53.7,2.83,0.91,0.152,4.89,12.1,3657600,418.31300000000005,3758400.0,261.0,0.0,486.99300000000005,384004.8,0.0
2020-01-03 12:00:00,7.99,9.997,277.0,12.5,0.98,0.065,0.006999999999999999,0.49,13.91,7.96,10.515999999999998,539.4,52.2,3.44,0.67,0.22399999999999998,3.63,11.57,7.25,8.69,458.1,45.8,2.45,0.82,0.146,4.35,12.2,3657600,418.305,3708000.0,257.5,0.0,486.975,382320.0,0.0
2020-01-03 16:00:00,7.98,10.148,292.8,11.1,0.92,0.068,0.006999999999999999,0.52,13.38,8.01,9.262,492.3,54.4,3.53,0.54,0.196,1.91,11.58,7.3,9.02,467.4,47.0,2.46,0.68,0.179,4.24,12.5,3657600,418.29699999999997,3657600.0,254.0,0.0,486.957,380635.2,0.0
2020-01-03 20:00:00,7.9,9.873,304.2,11.7,0.98,0.062,0.01,0.54,10.49,7.95,8.907,502.0,45.8,3.45,0.57,0.23,2.3,11.77,7.28,8.73,465.9,39.1,2.67,0.69,0.136,4.31,12.4,3657600,418.288,3607200.0,250.5,0.0,486.93800000000005,378964.8,0.0
2020-01-04 00:00:00,7.9,10.016,286.6,10.1,0.88,0.062,0.008,0.56,10.2,8.0,9.062999999999999,482.4,71.7,3.04,0.42,0.196,2.15,11.32,7.23,8.56,469.7,50.7,2.73,0.7,0.14,4.44,11.9,3715200,418.28,3556800.0,247.0,0.0,486.92,377280.0,0.0
2020-01-04 04:00:00,7.91,10.378,304.3,11.1,0.93,0.055999999999999994,0.008,0.57,10.35,7.93,9.71,536.6,65.1,4.04,0.63,0.228,3.68,11.44,7.2,8.56,465.6,58.6,2.62,0.82,0.147,4.58,11.7,3715200,418.278,3552004.8,246.667,0.0,486.902,378244.8,0.0
2020-01-04 08:00:00,7.9,10.115,292.0,10.3,1.02,0.069,0.009000000000000001,0.48,10.38,7.92,9.304,550.0,63.4,5.09,1.09,0.25,4.5,11.47,7.2,8.57,476.5,54.0,2.84,0.89,0.13699999999999998,5.07,11.8,3715200,418.277,3547195.2,246.333,0.0,486.88300000000004,379195.2,0.0
2020-01-04 12:00:00,7.95,10.294,291.6,11.4,0.95,0.06,0.009000000000000001,0.52,11.34,7.9,9.395,562.6,53.3,4.71,1.22,0.25,4.29,11.9,7.22,8.51,492.4,40.3,2.72,0.87,0.14800000000000002,4.84,12.5,3715200,418.275,3542400.0,246.0,0.0,486.865,380160.0,0.0
2020-01-04 16:00:00,8.2,10.052999999999999,291.3,10.8,0.93,0.064,0.008,0.52,10.97,7.96,8.243,563.1,74.0,4.28,0.92,0.22,3.17,12.16,7.22,8.53,493.2,42.1,2.63,0.86,0.161,4.98,12.8,3715200,418.273,3537604.8,245.667,0.0,486.847,381124.8,0.0
2020-01-04 20:00:00,8.18,9.816,311.6,10.6,1.02,0.063,0.009000000000000001,0.49,10.41,7.92,9.282,574.0,53.6,3.5,0.68,0.187,2.84,12.44,7.23,8.51,539.3,47.9,2.72,0.82,0.154,4.84,12.7,3715200,418.272,3532795.2,245.333,0.0,486.82800000000003,382075.2,0.0
2020-01-05 00:00:00,8.18,9.931000000000001,299.4,10.4,0.94,0.063,0.008,0.4,10.33,7.95,8.147,530.5,62.0,4.03,0.71,0.18,2.86,11.71,7.23,8.26,486.3,52.5,2.75,0.72,0.15,4.82,12.5,4795200,418.27,3528000.0,245.0,0.0,486.81,383040.0,0.0
2020-01-05 04:00:00,8.18,9.948,300.0,9.8,1.01,0.062,0.008,0.54,10.17,7.91,9.259,546.3,45.3,3.36,0.84,0.196,3.76,11.76,7.2,8.09,500.6,48.8,2.9,0.94,0.156,5.04,12.3,4795200,418.29,3640795.2,252.833,0.0,486.80300000000005,382564.8,0.0
2020-01-05 08:00:00,8.18,10.006,297.5,9.7,1.04,0.069,0.009000000000000001,0.53,10.29,7.92,8.015,552.4,42.4,3.83,1.15,0.207,4.09,11.69,7.19,8.15,496.5,51.0,3.31,0.96,0.155,5.46,12.9,4795200,418.31,3753604.8,260.66700000000003,0.0,486.79699999999997,382075.2,0.0
2020-01-05 12:00:00,8.2,9.929,297.8,9.9,0.95,0.064,0.006999999999999999,0.46,10.6,7.96,9.7,535.1,44.9,2.73,0.78,0.159,3.92,11.56,7.2,8.14,491.3,42.4,2.82,0.98,0.099,5.19,12.5,4795200,418.33,3866400.0,268.5,0.0,486.79,381600.0,0.0
2020-01-05 16:00:00,8.2,9.952,303.8,9.4,1.0,0.063,0.008,0.46,10.78,7.97,8.743,544.3,40.8,3.91,0.73,0.151,3.84,11.8,7.19,8.27,491.8,42.7,2.99,0.99,0.156,4.92,12.6,4795200,418.35,3979195.2,276.33299999999997,0.0,486.783,381124.8,0.0
2020-01-05 20:00:00,8.18,9.902000000000001,309.6,9.3,0.93,0.068,0.008,0.5,10.4,7.93,9.447000000000001,554.1,38.0,3.99,0.67,0.152,3.47,11.81,7.23,8.09,503.1,39.4,3.03,0.99,0.152,4.91,12.6,4795200,418.37,4092004.8,284.16700000000003,0.0,486.777,380635.2,0.0
2020-01-06 00:00:00,8.18,10.041,303.2,9.4,0.93,0.064,0.008,0.42,10.44,7.91,9.413,556.8,39.4,3.78,0.88,0.183,3.93,11.72,7.22,7.85,495.9,36.6,3.06,0.98,0.157,4.58,12.4,3124800,418.39,4204800.0,292.0,0.0,486.77,380160.0,0.0
2020-01-06 04:00:00,8.18,9.937000000000001,273.0,10.6,0.93,0.064,0.006999999999999999,0.49,10.44,7.87,9.097000000000001,572.8,46.3,4.18,1.27,0.19399999999999998,4.3,11.89,7.22,7.91,484.6,36.6,2.74,0.96,0.155,4.45,12.1,3124800,418.36699999999996,4070404.8,282.66700000000003,0.0,486.75699999999995,377524.8,0.0
2020-01-06 08:00:00,8.18,9.984,286.4,10.5,1.12,0.067,0.009000000000000001,0.54,10.35,7.97,8.096,522.1,67.1,4.28,0.88,0.18,3.12,11.27,7.22,7.98,474.9,38.8,5.68,1.05,0.218,4.69,11.9,3124800,418.343,3935995.2,273.33299999999997,0.0,486.74300000000005,374875.2,0.0
2020-01-06 12:00:00,8.24,10.123,296.6,12.5,0.94,0.067,0.008,0.54,10.71,7.97,8.584,513.5,41.6,4.12,0.7,0.152,3.01,11.52,7.22,8.04,480.5,98.6,5.64,0.8263235090000001,0.156,4.97,12.1,3124800,418.32,3801600.0,264.0,0.0,486.73,372240.0,0.0
2020-01-06 16:00:00,8.25,10.099,300.1,10.8,1.0,0.064,0.008,0.53,10.72,7.97,8.801,512.2,37.8,3.46,0.66,0.14,2.69,11.65,7.23,8.56,476.4,61.3,9.73,0.65,0.127,4.46,12.3,3124800,418.29699999999997,3667204.8,254.667,0.0,486.717,369604.8,0.0
2020-01-06 20:00:00,8.19,9.881,298.6,12.3,0.94,0.064,0.008,0.6,10.3,7.95,9.543,526.4,36.1,3.39,0.69,0.139,3.2,11.64,7.22,8.3,524.8,37.5,2.24,0.58,0.138,4.51,12.2,3124800,418.273,3532795.2,245.333,0.0,486.70300000000003,366955.2,0.0
2020-01-07 00:00:00,8.19,9.87,311.5,10.1,1.02,0.068,0.008,0.56,9.6,7.93,9.551,536.4,37.3,3.58,0.84,0.152,3.58,11.42,7.21,7.94,493.8,35.4,2.2,0.88,0.152,4.58,11.9,4075200,418.25,3398400.0,236.0,0.0,486.69,364320.0,0.0
2020-01-07 04:00:00,8.18,9.87,300.7,10.5,1.1,0.067,0.008,0.59,9.37,7.95,8.17,522.7,65.4,4.4,1.0,0.174,3.23,10.92,7.21,7.85,491.6,34.8,2.15,1.1,0.153,4.64,11.5,4075200,418.25699999999995,3436804.8,238.667,0.0,486.68300000000005,362404.8,0.0
2020-01-07 08:00:00,8.19,9.849,294.1,10.1,1.05,0.07200000000000001,0.009000000000000001,0.55,9.16,7.95,9.119,538.3,36.0,4.26,1.2,0.18,3.99,10.68,7.19,8.12,479.7,76.6,2.43,1.17,0.17800000000000002,5.02,11.2,4075200,418.26300000000003,3475195.2,241.333,0.0,486.67699999999996,360475.2,0.0
2020-01-07 12:00:00,8.24,10.097999999999999,294.4,10.8,1.02,0.067,0.008,0.53,13.46,7.94,9.926,564.8,30.8,4.05,0.98,0.162,2.77,11.29,7.22,8.44,474.9,137.9,2.41,0.16,0.14800000000000002,4.71,11.6,4075200,418.27,3513600.0,244.0,0.0,486.67,358560.0,0.0
2020-01-07 16:00:00,8.25,10.275,296.0,9.9,0.98,0.062,0.006999999999999999,0.44,12.04,8.04,9.912,522.3,36.5,2.89,0.65,0.141,2.52,11.78,7.24,8.66,485.4,69.0,2.3,0.1,0.135,4.59,12.4,4075200,418.277,3552004.8,246.667,0.0,486.663,356644.8,0.0
2020-01-07 20:00:00,8.19,9.907,296.3,9.7,0.98,0.063,0.008,0.54,10.54,7.97,9.826,569.0,30.8,3.7,0.69,0.149,2.14,12.06,7.23,8.39,495.9,39.1,2.33,0.07,0.134,4.68,12.3,4075200,418.283,3590395.2,249.333,0.0,486.657,354715.2,0.0
2020-01-08 00:00:00,8.19,9.98,295.6,12.7,0.77,0.062,0.009000000000000001,0.61,10.24,7.93,9.397,564.9,34.0,3.91,1.01,0.158,3.23,11.6,7.2,7.97,484.5,38.1,2.4,0.84,0.14400000000000002,4.62,11.8,3240000,418.29,3628800.0,252.0,0.0,486.65,352800.0,0.0
2020-01-08 04:00:00,8.2,10.327,297.3,10.3,0.97,0.06,0.008,0.52,9.92,7.94,8.169,555.6,34.8,5.32,1.03,0.185,3.23,11.26,7.2,8.21,482.9,43.3,2.36,0.66,0.142,4.48,11.5,3240000,418.273,3528000.0,245.0,0.0,486.658,352080.0,0.0
2020-01-08 08:00:00,8.2,10.082,302.3,9.7,1.01,0.071,0.009000000000000001,0.61,10.02,8.01,8.315,533.0,56.1,4.25,0.84,0.168,3.38,11.06,7.21,8.15,485.4,98.3,2.63,0.7,0.14400000000000002,4.94,11.6,3240000,418.25699999999995,3427200.0,238.0,0.0,486.667,351360.0,0.0
2020-01-08 12:00:00,8.27,10.345,302.2,10.1,0.94,0.067,0.008,0.52,11.32,8.03,9.731,522.4,43.4,4.3,0.59,0.14300000000000002,2.69,11.0,7.26,8.23,492.7,116.3,2.33,0.91,0.147,5.0,12.2,3240000,418.24,3326400.0,231.0,0.0,486.675,350640.0,0.0
2020-01-08 16:00:00,8.27,10.314,296.4,10.1,0.88,0.064,0.006999999999999999,0.51,11.33,8.01,8.626,506.5,54.1,4.09,0.61,0.138,2.07,11.47,7.24,8.56,494.1,74.2,2.31,0.72,0.136,4.87,12.7,3240000,418.223,3225600.0,224.0,0.0,486.68300000000005,349920.0,0.0
2020-01-08 20:00:00,8.21,10.245999999999999,311.9,9.6,1.0,0.057999999999999996,0.008,0.55,10.29,7.97,9.774,533.1,35.5,3.12,0.5,0.138,2.24,11.66,7.23,8.5,496.7,43.0,2.31,0.79,0.13699999999999998,4.9,12.5,3240000,418.207,3124800.0,217.0,0.0,486.69199999999995,349200.0,0.0
2020-01-09 00:00:00,8.21,10.333,277.9,9.6,0.92,0.059000000000000004,0.008,0.52,10.06,7.93,9.314,544.2,36.5,3.62,0.76,0.158,2.63,11.6,7.2,8.24,496.5,35.4,2.23,0.86,0.141,5.22,12.0,3585600,418.19,3024000.0,210.0,0.0,486.7,348480.0,0.0
2020-01-09 04:00:00,8.21,10.234,303.9,9.9,0.88,0.057999999999999996,0.008,0.53,10.0,7.89,9.564,571.6,33.1,4.13,0.81,0.172,2.36,11.65,7.16,8.09,507.1,40.9,2.31,0.98,0.24100000000000002,5.47,12.7,3585600,418.19800000000004,3071995.2,213.333,0.0,486.7,346075.2,0.0
2020-01-09 08:00:00,8.21,10.29,308.0,9.2,1.06,0.063,0.009000000000000001,0.6,9.88,7.88,7.382999999999999,566.7,40.0,5.29,1.77,0.231,3.6,11.6,7.11,8.21,503.5,75.1,2.52,0.99,0.251,6.21,12.0,3585600,418.207,3120004.8,216.667,0.0,486.7,343684.8,0.0
2020-01-09 12:00:00,8.25,10.386,306.4,10.0,0.93,0.06,0.008,0.53,10.24,7.96,9.628,555.6,26.0,4.08,0.78,0.16,2.74,11.63,7.14,8.54,486.0,114.1,2.41,0.93,0.14,5.79,12.1,3585600,418.215,3168000.0,220.0,0.0,486.7,341280.0,0.0
2020-01-09 16:00:00,8.27,10.325,310.3,10.4,0.96,0.059000000000000004,0.008,0.51,10.27,7.99,8.683,565.2,39.4,2.74,0.74,0.15,2.48,11.87,7.17,8.59,480.2,75.4,2.3,0.54,0.127,0.58,12.2,3585600,418.223,3215995.2,223.333,0.0,486.7,338875.2,0.0
2020-01-09 20:00:00,8.23,10.257,323.9,11.0,0.94,0.061,0.008,0.57,9.84,7.94,9.744,562.7,45.6,4.02,0.62,0.151,1.98,11.72,7.18,8.35,502.8,39.4,2.36,2.1,0.134,0.58,12.2,3585600,418.23199999999997,3264004.8,226.667,0.0,486.7,336484.8,0.0
2020-01-10 00:00:00,8.22,10.25,303.0,9.1,0.88,0.06,0.006999999999999999,0.49,9.61,7.91,9.265,576.9,39.4,3.61,0.85,0.182,2.53,11.57,7.16,8.04,490.0,37.2,2.41,0.88,0.136,4.84,12.0,3211200,418.24,3312000.0,230.0,0.0,486.7,334080.0,0.0
2020-01-10 04:00:00,8.22,10.25,309.3,9.3,0.84,0.061,0.008,0.63,9.54,7.9,8.187999999999999,566.1,52.5,4.42,1.09,0.18600000000000003,3.36,11.33,7.18,8.06,497.4,37.5,2.44,0.93,0.14400000000000002,4.53,11.9,3211200,418.235,3285604.8,228.167,0.0,486.69199999999995,331200.0,0.0
2020-01-10 08:00:00,8.22,10.392999999999999,301.8,9.4,1.05,0.065,0.009000000000000001,0.6,9.5,7.93,9.391,558.6,46.4,4.11,0.9,0.17,2.65,11.13,7.19,8.07,490.4,47.0,2.72,1.01,0.147,4.87,11.8,3211200,418.23,3259195.2,226.333,0.0,486.68300000000005,328320.0,0.0
2020-01-10 12:00:00,8.33,10.532,313.2,10.7,0.91,0.06,0.009000000000000001,0.54,10.3,7.87,8.699,591.4,31.7,4.27,1.23,0.17600000000000002,3.82,11.5,7.18,8.32,492.1,48.5,2.43,2.18,0.145,4.49,11.9,3211200,418.225,3232800.0,224.5,0.0,486.675,325440.0,0.0
2020-01-10 16:00:00,8.01,10.5,326.5,12.1,1.09,0.061,0.009000000000000001,0.5,10.62,8.01,9.994,527.3,74.3,3.77,0.51,0.14300000000000002,1.67,11.21,7.47,8.79,500.0,34.2,2.17,0.55,0.125,5.11,12.1,3211200,418.22,3206404.8,222.667,0.0,486.667,322560.0,0.0
2020-01-10 20:00:00,7.85,10.284,297.3,10.0,1.01,0.061,0.009000000000000001,0.6,9.86,7.96,9.93,550.4,50.2,2.85,0.69,0.149,1.85,11.44,7.48,8.35,490.6,31.1,2.22,0.64,0.131,4.55,12.0,3211200,418.215,3179995.2,220.833,0.0,486.658,319680.0,0.0
2020-01-11 00:00:00,7.85,10.224,311.3,10.8,0.87,0.062,0.008,0.58,9.66,7.96,9.296,558.9,75.4,4.22,0.75,0.157,2.62,11.17,7.46,8.16,495.3,32.3,2.34,0.75,0.142,4.57,11.8,2966400,418.21,3153600.0,219.0,0.0,486.65,316800.0,0.0
2020-01-11 04:00:00,7.84,10.247,310.7,9.2,0.88,0.061,0.008,0.52,9.29,7.94,9.209,547.1,66.3,4.1,0.81,0.17300000000000001,1.89,11.07,7.45,8.24,490.3,34.5,2.39,0.56,0.14400000000000002,4.34,11.5,2966400,418.208,3143995.2,218.333,0.0,486.63800000000003,316080.0,0.0
2020-01-11 08:00:00,7.84,10.073,312.2,9.6,0.99,0.067,0.008,0.61,8.69,7.96,8.976,546.0,39.5,4.38,0.89,0.163,2.93,10.73,7.46,8.36,482.6,38.1,2.56,0.77,0.147,5.54,11.9,2966400,418.207,3134404.8,217.667,0.0,486.62699999999995,315360.0,0.0
2020-01-11 12:00:00,7.93,10.498,287.6,9.5,0.82,0.06,0.009000000000000001,0.55,12.69,8.05,9.295,513.9,50.0,3.48,0.57,0.135,1.82,10.86,7.46,8.6,491.6,36.0,2.45,2.06,0.141,5.54,11.7,2966400,418.205,3124800.0,217.0,0.0,486.615,314640.0,0.0
2020-01-11 16:00:00,7.92,10.414000000000001,279.8,9.5,0.85,0.059000000000000004,0.009000000000000001,0.58,12.8,8.04,9.132,492.4,80.8,3.59,0.51,0.129,1.05,11.4,7.45,9.0,478.7,41.2,2.28,0.7,0.129,0.23,12.3,2966400,418.20300000000003,3115195.2,216.333,0.0,486.603,313920.0,0.0
2020-01-11 20:00:00,7.84,10.113,299.8,10.0,0.82,0.059000000000000004,0.009000000000000001,0.54,9.74,8.05,9.201,468.5,132.8,4.28,0.46,0.141,1.15,11.04,7.45,8.77,490.9,36.9,2.41,0.26,0.135,4.6,12.2,2966400,418.202,3105604.8,215.667,0.0,486.592,313200.0,0.0
2020-01-12 00:00:00,7.84,10.302,316.2,9.3,0.91,0.062,0.008,0.48,9.7,8.02,8.795,488.0,106.0,4.26,0.64,0.151,0.92,10.8,7.41,8.54,483.3,39.4,2.36,0.24,0.139,4.5,11.6,2952000,418.2,3096000.0,215.0,0.0,486.58,312480.0,0.0
2020-01-12 04:00:00,7.84,10.276,302.4,9.1,0.72,0.062,0.009000000000000001,0.5,9.82,8.04,8.582,479.5,63.1,2.72,0.67,0.139,1.9,10.36,7.39,8.69,472.6,40.6,2.33,0.69,0.136,4.44,11.2,2952000,418.19199999999995,3055204.8,212.167,0.0,486.593,312955.2,0.0
2020-01-12 08:00:00,7.84,10.318,322.9,9.1,1.12,0.066,0.009000000000000001,0.58,9.39,8.0,9.66,506.0,53.1,3.74,0.84,0.157,1.68,10.4,7.32,8.46,469.4,39.4,2.55,1.11,0.247,4.66,11.3,2952000,418.18300000000005,3014395.2,209.333,0.0,486.60699999999997,313444.8,0.0
2020-01-12 12:00:00,7.92,10.572000000000001,310.3,11.5,0.79,0.061,0.008,0.53,12.43,7.94,9.65,529.8,31.1,4.21,0.85,0.149,1.88,11.13,7.36,8.8,455.6,40.9,2.14,0.73,0.18100000000000002,4.14,11.8,2952000,418.175,2973600.0,206.5,0.0,486.62,313920.0,0.0
2020-01-12 16:00:00,7.88,10.542,305.1,9.8,0.84,0.059000000000000004,0.008,0.68,10.86,8.08,9.083,498.1,47.5,4.19,0.62,0.14,1.4,11.59,7.43,9.17,453.3,41.2,6.64,2.34,0.114,3.87,12.2,2952000,418.167,2932804.8,203.667,0.0,486.63300000000004,314395.2,0.0
2020-01-12 20:00:00,7.83,10.118,310.5,9.9,0.73,0.067,0.008,0.6,10.33,7.96,9.62,536.1,36.6,3.8,0.83,0.153,2.51,11.98,7.45,8.83,466.2,7.6,2.63,0.69,0.115,4.18,12.1,2952000,418.158,2891995.2,200.833,0.0,486.647,314884.8,0.0
2020-01-13 00:00:00,7.82,10.043,316.5,10.1,0.8,0.066,0.008,0.56,10.05,7.89,8.74,552.7,55.4,4.29,1.31,0.192,3.1,11.85,7.4,8.44,476.7,38.1,2.46,1.05,0.132,4.41,11.9,3225600,418.15,2851200.0,198.0,0.0,486.66,315360.0,0.0
2020-01-13 04:00:00,7.82,9.913,308.4,9.7,0.84,0.067,0.008,0.58,9.85,7.91,8.812000000000001,543.4,55.2,4.08,1.15,0.198,2.38,11.58,7.37,8.35,475.5,60.1,2.6,0.6,0.11900000000000001,4.61,11.7,3225600,418.148,2844000.0,197.5,0.0,486.665,315115.2,0.0
2020-01-13 08:00:00,7.84,10.312000000000001,326.7,9.5,0.92,0.066,0.009000000000000001,0.69,9.73,7.91,8.815,559.8,50.8,5.12,1.36,0.19699999999999998,2.24,11.7,7.37,8.27,489.2,38.8,2.73,0.91,0.16,4.55,11.9,3225600,418.147,2836800.0,197.0,0.0,486.67,314884.8,0.0
2020-01-13 12:00:00,7.86,10.219,307.2,9.9,0.83,0.07400000000000001,0.008,0.71,10.56,7.99,9.402000000000001,512.4,40.1,4.29,0.92,0.151,1.53,11.46,7.38,8.46,474.1,39.4,2.73,1.01,0.16,4.38,12.1,3225600,418.145,2829600.0,196.5,0.0,486.675,314640.0,0.0
2020-01-13 16:00:00,7.85,10.121,303.6,9.9,1.0,0.069,0.008,0.56,10.49,7.98,9.62,509.9,39.2,4.0,0.65,0.138,1.61,11.84,7.44,8.45,476.2,21.7,2.97,0.71,0.125,4.87,11.9,3225600,418.14300000000003,2822400.0,196.0,0.0,486.68,314395.2,0.0
2020-01-13 20:00:00,7.83,10.036,307.3,10.4,0.78,0.064,0.008,0.6,9.92,7.96,9.184,519.4,37.0,3.61,0.9,0.149,1.73,11.48,7.59,8.14,492.1,19.2,2.8,0.87,0.132,4.67,12.0,3225600,418.142,2815200.0,195.5,0.0,486.685,314164.8,0.0
2020-01-14 00:00:00,7.82,10.123,316.6,9.7,0.75,0.075,0.008,0.65,9.99,7.95,9.602,517.7,41.3,3.74,0.86,0.153,1.9,11.31,7.64,8.17,475.8,23.5,2.86,0.81,0.138,4.51,11.7,2620800,418.14,2808000.0,195.0,0.5,486.69,313920.0,0.0
2020-01-14 04:00:00,7.82,10.04,314.4,9.3,0.88,0.071,0.008,0.58,9.82,7.92,9.048,523.1,37.3,3.57,1.05,0.163,2.32,11.25,7.64,8.13,483.9,21.7,2.8,0.75,0.145,4.51,11.5,2620800,418.135,2774404.8,192.667,0.0,486.69199999999995,312724.8,0.0
2020-01-14 08:00:00,7.82,10.016,305.8,8.8,0.92,0.073,0.009000000000000001,0.61,9.37,7.95,8.217,515.2,30.9,4.04,0.98,0.16,1.28,10.96,7.67,8.05,475.6,21.4,2.98,0.95,0.136,4.59,11.4,2620800,418.13,2740795.2,190.333,0.0,486.69300000000004,311515.2,0.0
2020-01-14 12:00:00,7.86,10.283,297.1,9.9,0.81,0.071,0.008,0.66,10.5,7.98,10.03,509.1,37.1,4.04,0.71,0.139,1.39,10.94,7.71,8.28,471.2,54.9,2.98,0.88,0.145,4.54,11.5,2620800,418.125,2707200.0,188.0,0.0,486.695,310320.0,0.0
2020-01-14 16:00:00,7.85,10.129,307.2,9.6,0.94,0.071,0.008,0.67,10.18,7.98,9.704,517.4,35.5,2.25,0.87,0.146,4.12,11.25,7.76,8.48,477.6,33.6,2.78,0.82,0.136,4.43,11.6,2620800,418.12,2673604.8,185.667,0.0,486.69699999999995,309124.8,0.0
2020-01-14 20:00:00,7.83,10.146,306.5,9.6,0.8,0.067,0.008,0.64,9.88,7.68,9.267999999999999,512.0,34.7,2.34,0.88,0.158,3.77,11.18,7.73,8.22,481.0,19.8,2.92,0.96,0.136,4.41,11.5,2620800,418.115,2639995.2,183.333,0.0,486.69800000000004,307915.2,0.0
2020-01-15 00:00:00,7.81,9.952,328.7,9.6,0.76,0.07200000000000001,0.008,0.62,9.76,7.67,9.427999999999999,512.6,41.8,2.18,0.81,0.152,3.14,10.9,7.72,8.16,473.3,20.4,2.84,0.91,0.131,4.22,11.3,3758400,418.11,2606400.0,181.0,1.0,486.7,306720.0,0.5
2020-01-15 04:00:00,7.81,9.924,321.8,10.1,0.76,0.07,0.008,0.63,9.42,7.64,9.232000000000001,529.2,49.4,1.48,1.01,0.16399999999999998,3.88,10.87,7.72,8.08,488.7,16.5,2.92,0.75,0.134,4.51,11.7,3758400,418.125,2688004.8,186.667,0.0,486.69699999999995,308635.2,0.0
2020-01-15 08:00:00,7.82,9.93,305.7,9.8,1.0,0.075,0.009000000000000001,0.63,9.18,7.68,8.006,518.5,39.6,2.56,0.95,0.16899999999999998,3.82,10.63,7.74,8.22,476.2,24.4,2.77,0.89,0.129,4.45,11.2,3758400,418.14,2769595.2,192.333,0.0,486.69300000000004,310564.8,0.0
2020-01-15 12:00:00,7.83,10.087,299.4,9.9,0.85,0.07400000000000001,0.01,0.63,9.78,7.7,9.724,540.5,36.1,2.41,0.98,0.158,4.33,10.95,7.77,8.33,480.8,104.1,2.94,0.94,0.23600000000000002,4.79,11.3,3758400,418.155,2851200.0,198.0,0.0,486.69,312480.0,0.0
2020-01-15 16:00:00,7.82,9.904,310.2,9.1,0.82,0.073,0.008,0.63,9.45,7.69,8.54,518.2,40.9,2.34,0.74,0.146,3.65,10.51,7.77,8.46,479.1,36.0,2.35,0.82,0.154,4.44,11.3,3758400,418.17,2932804.8,203.667,0.0,486.68699999999995,314395.2,0.0
2020-01-15 20:00:00,7.81,9.936,309.8,9.2,0.81,0.079,0.008,0.63,9.63,7.65,9.158999999999999,533.1,38.8,2.6,1.07,0.16899999999999998,3.99,10.69,7.77,8.19,482.3,21.4,2.36,0.99,0.14300000000000002,4.84,11.2,3758400,418.185,3014395.2,209.333,0.0,486.68300000000005,316324.8,0.0
2020-01-16 00:00:00,7.82,10.064,305.4,8.5,0.8,0.07200000000000001,0.006999999999999999,0.6,9.56,7.68,8.92,520.0,37.3,2.6,0.89,0.152,3.77,10.55,7.74,7.91,488.9,19.5,2.23,1.25,0.18600000000000003,4.82,11.1,3643200,418.2,3096000.0,215.0,0.0,486.68,318240.0,1.0
2020-01-16 04:00:00,7.84,10.282,322.7,8.7,0.81,0.065,0.006999999999999999,0.61,9.36,7.68,9.547,524.3,44.8,2.48,0.88,0.154,4.0,10.55,7.73,8.02,484.2,48.8,2.47,0.95,0.15,4.83,11.0,3643200,418.2,3098404.8,215.167,0.0,486.68199999999996,318960.0,0.0
2020-01-16 08:00:00,7.85,10.139,314.0,9.1,1.02,0.07,0.009000000000000001,0.49,8.8,7.69,8.742,516.7,38.0,2.83,0.96,0.166,3.42,10.4,7.74,8.15,488.1,52.2,7.66,1.14,0.141,5.06,11.5,3643200,418.2,3100795.2,215.333,0.0,486.68300000000005,319680.0,0.0
2020-01-16 12:00:00,7.87,10.216000000000001,301.5,11.6,0.77,0.076,0.008,0.54,10.9,7.67,10.126,558.0,29.5,2.84,0.89,0.157,3.66,10.96,7.79,8.31,486.2,160.5,2.22,1.12,0.14400000000000002,5.3,11.1,3643200,418.2,3103200.0,215.5,0.0,486.685,320400.0,0.0
2020-01-16 16:00:00,7.87,10.175,309.8,10.3,0.79,0.071,0.006999999999999999,0.64,10.59,7.76,10.101,508.0,49.2,2.12,0.69,0.141,3.61,11.41,7.78,8.62,479.0,47.0,2.36,0.93,0.13,4.64,11.5,3643200,418.2,3105604.8,215.667,0.0,486.68699999999995,321120.0,0.0
2020-01-16 20:00:00,7.83,10.206,318.8,10.6,0.92,0.07400000000000001,0.008,0.58,9.96,7.74,8.666,517.2,37.6,2.04,0.78,0.154,3.2,11.14,7.76,8.22,480.7,24.7,2.18,1.08,0.14300000000000002,4.76,11.4,3643200,418.2,3107995.2,215.833,0.0,486.68800000000005,321840.0,0.0
2020-01-17 00:00:00,7.84,10.125,321.8,10.2,0.85,0.076,0.006999999999999999,0.54,9.71,7.77,8.726,489.7,79.4,2.58,0.53,0.138,2.99,10.89,7.75,8.18,473.0,22.3,2.1,1.0,0.14,4.53,11.2,2880000,418.2,3110400.0,216.0,0.0,486.69,322560.0,0.0
2020-01-17 04:00:00,7.83,10.058,309.3,9.6,0.71,0.073,0.008,0.58,9.31,7.68,9.328,540.3,72.3,2.61,0.93,0.161,3.9,11.13,7.75,8.33,472.6,25.6,1.19,0.87,0.20199999999999999,4.46,11.1,2880000,418.18800000000005,3048004.8,211.667,0.0,486.69699999999995,318960.0,0.0
2020-01-17 08:00:00,7.84,10.374,309.8,9.8,0.92,0.07,0.009000000000000001,0.53,9.38,7.76,8.841000000000001,507.7,46.4,2.45,0.8,0.151,3.93,10.82,7.76,8.23,489.2,58.9,7.69,1.08,0.134,5.02,11.5,2880000,418.17699999999996,2985595.2,207.333,0.0,486.70300000000003,315360.0,0.0
2020-01-17 12:00:00,7.86,10.235,297.3,9.9,0.78,0.075,0.009000000000000001,0.62,9.87,7.73,9.825,522.0,43.5,2.14,0.76,0.14300000000000002,3.64,11.03,7.78,8.34,480.8,69.6,7.69,0.92,0.138,4.52,11.6,2880000,418.165,2923200.0,203.0,0.0,486.71,311760.0,0.0
2020-01-17 16:00:00,7.87,10.174,318.7,10.0,0.82,0.07400000000000001,0.008,0.58,9.99,7.72,9.439,518.4,35.4,2.06,0.68,0.13699999999999998,3.5,11.17,7.5,8.47,489.5,43.3,1.31,0.8,0.129,4.54,11.9,2880000,418.153,2860804.8,198.667,0.0,486.717,308160.0,0.0
2020-01-17 20:00:00,7.84,10.04,324.0,10.0,0.81,0.07400000000000001,0.008,0.55,9.64,7.68,9.785,524.6,46.6,2.27,0.68,0.149,3.84,11.25,7.48,8.14,487.1,23.8,1.5,0.99,0.21,4.67,11.7,2880000,418.142,2798395.2,194.333,0.0,486.723,304560.0,0.0
2020-01-18 00:00:00,7.84,10.093,308.6,9.8,0.83,0.07200000000000001,0.008,0.53,9.52,7.68,9.96,517.2,56.9,2.03,0.56,0.14300000000000002,3.22,11.0,7.47,8.0,479.6,25.6,1.68,1.02,0.141,4.55,12.2,2779200,418.13,2736000.0,190.0,0.5,486.73,300960.0,0.0
2020-01-18 04:00:00,7.84,10.086,304.6,9.6,0.84,0.075,0.008,0.5,9.46,7.65,9.412,526.4,50.6,2.32,0.87,0.17300000000000001,3.87,11.04,7.45,8.01,481.6,24.7,1.89,0.77,0.138,4.51,11.2,2779200,418.12699999999995,2721600.0,189.0,0.0,486.73699999999997,295920.0,0.0
2020-01-18 08:00:00,7.85,10.352,304.0,9.8,0.97,0.07200000000000001,0.009000000000000001,0.59,9.06,7.65,9.766,537.0,48.3,2.38,0.81,0.157,4.07,10.98,7.45,8.06,475.0,27.2,7.7,1.0,0.132,4.6,11.5,2779200,418.12300000000005,2707200.0,188.0,0.0,486.74300000000005,290880.0,0.0
2020-01-18 12:00:00,7.94,10.148,302.5,9.5,0.97,0.049,0.009000000000000001,0.59,9.55,7.66,9.869,556.8,53.9,2.19,0.89,0.145,4.38,11.03,7.47,8.14,484.8,69.9,7.7,1.08,0.209,4.87,11.3,2779200,418.12,2692800.0,187.0,0.0,486.75,285840.0,0.0
2020-01-18 16:00:00,7.97,10.322000000000001,291.1,10.2,1.275346279,0.048,0.006,0.5249463320000001,10.09,7.73,10.017000000000001,560.5,52.7,2.03,0.7,0.14800000000000002,2.46,11.42,7.47,8.25,500.2,43.9,7.71,0.89,0.129,4.85,11.5,2779200,418.11699999999996,2678400.0,186.0,0.0,486.75699999999995,280800.0,0.0
2020-01-18 20:00:00,7.94,10.297,284.4,9.6,1.51,0.043,0.006999999999999999,0.59,9.46,7.7,9.824,546.7,47.2,2.53,0.8,0.153,2.34,11.48,7.46,8.03,501.1,20.1,7.7,1.06,0.139,4.61,11.4,2779200,418.11300000000006,2664000.0,185.0,0.0,486.76300000000003,275760.0,0.0
2020-01-19 00:00:00,7.92,10.095,319.6,10.8,1.17,0.05,0.008,0.59,9.39,7.68,9.859,558.6,44.9,2.13,0.8,0.154,2.38,11.02,7.43,7.87,490.4,18.0,2.0,1.06,0.141,4.66,11.2,2880000,418.11,2649600.0,184.0,0.0,486.77,270720.0,0.0
2020-01-19 04:00:00,7.92,10.17,314.7,11.3,1.04,0.047,0.006999999999999999,0.54,9.36,7.68,9.816,546.7,50.7,2.05,0.85,0.158,1.89,10.87,7.43,8.03,479.6,18.9,4.244279385,0.79,0.136,4.35,11.0,2880000,418.11800000000005,2692800.0,187.0,0.0,486.772,269280.0,0.0
2020-01-19 08:00:00,7.93,10.533,320.4,9.4,1.26,0.042,0.008,0.45,9.05,7.64,9.721,563.2,45.7,2.08,0.89,0.16399999999999998,3.26,10.88,7.42,8.12,488.1,22.0,7.67,1.02,0.12300000000000001,4.71,10.9,2880000,418.12699999999995,2736000.0,190.0,0.0,486.773,267840.0,0.0
2020-01-19 12:00:00,8.01,10.241,305.2,10.7,1.02,0.042,0.008,0.52,12.84,7.74,10.261,530.6,54.3,2.13,0.66,0.15,1.59,10.87,7.45,8.29,491.5,65.6,1.19,1.79,0.12300000000000001,4.88,11.3,2880000,418.135,2779200.0,193.0,0.0,486.775,266400.0,0.0
2020-01-19 16:00:00,7.98,10.329,293.0,10.5,1.12,0.039,0.006999999999999999,0.38,10.9,7.75,10.041,548.7,45.1,1.99,0.72,0.14400000000000002,2.12,11.87,7.43,8.72,483.6,39.4,2.86847949,0.85,0.28600000000000003,4.77,12.0,2880000,418.14300000000003,2822400.0,196.0,0.0,486.777,264960.0,0.0
2020-01-19 20:00:00,7.93,10.099,327.2,12.2,1.31,0.042,0.006999999999999999,0.51,9.93,7.72,9.902000000000001,540.5,51.4,2.07,0.79,0.154,1.7959548230000002,11.84,7.44,8.28,489.5,36.6,3.56,0.78,0.141,4.69,11.9,2880000,418.152,2865600.0,199.0,0.0,486.778,263520.0,0.0
2020-01-20 00:00:00,7.92,10.072000000000001,313.6,11.5,0.97,0.043,0.008,0.47,9.65,7.7,9.666,536.2,42.3,2.23,0.73,0.15,2.29,11.55,7.43,8.01,483.1,22.9,3.08,0.89,0.14800000000000002,4.54,11.7,2764800,418.16,2908800.0,202.0,0.0,486.78,262080.0,0.0
2020-01-20 04:00:00,7.92,10.155,316.1,9.9,0.94,0.04,0.008,0.32,9.6,7.67,9.31,547.9,42.8,2.33,0.88,0.163,2.58,11.44,7.44,8.29,472.4,23.5,2.98,0.74,0.14400000000000002,4.6,11.3,2764800,418.157,2891995.2,200.833,0.0,486.783,262080.0,0.0
2020-01-20 08:00:00,7.94,10.565,291.4,10.4,1.22,0.038,0.009000000000000001,0.56,9.34,7.68,9.346,537.2,41.7,2.13,0.92,0.163,2.61,11.27,7.48,8.3,469.5,33.0,3.22,0.97,0.198,4.76,11.3,2764800,418.153,2875204.8,199.667,0.0,486.787,262080.0,0.0
2020-01-20 12:00:00,8.01,10.152000000000001,302.6,10.3,1.04,0.04,0.008,0.41,13.2,7.72,9.616,540.3,25.9,2.35,0.85,0.154,2.01,11.43,7.52,8.39,477.5,28.7,2.95,1.0,0.28600000000000003,4.71,12.0,2764800,418.15,2858400.0,198.5,0.0,486.79,262080.0,0.0
2020-01-20 16:00:00,7.96,10.204,302.0,11.1,1.1,0.038,0.006999999999999999,0.24,10.47,7.8,9.831,530.4,39.3,2.16,0.7,0.14400000000000002,2.25,11.97,7.53,8.62,473.2,19.8,3.04,0.8,0.28600000000000003,4.29,12.1,2764800,418.147,2841595.2,197.333,0.0,486.793,262080.0,0.0
2020-01-20 20:00:00,7.93,10.078,304.9,9.7,1.1,0.040999999999999995,0.006999999999999999,0.17,9.91,7.74,9.391,531.9,28.0,2.23,0.73,0.151,2.06,11.98,7.51,8.37,482.2,17.1,2.91,0.84,0.136,4.58,12.1,2764800,418.14300000000003,2824804.8,196.167,0.0,486.79699999999997,262080.0,0.0
2020-01-21 00:00:00,7.93,10.066,318.8,9.6,1.0,0.045,0.008,0.17,9.71,7.68,9.279,529.4,37.2,2.26,0.75,0.151,2.59,11.83,7.48,8.02,484.8,17.7,2.94,0.98,0.146,4.75,11.9,2822400,418.14,2808000.0,195.0,0.0,486.8,262080.0,0.0
2020-01-21 04:00:00,7.94,10.389000000000001,315.2,9.7,1.01,0.047,0.006999999999999999,0.44,9.35,7.65,9.119,534.7,27.7,2.38,0.73,0.147,2.38,11.71,7.46,8.16,476.5,18.6,2.87,0.69,0.145,4.58,11.6,2822400,418.11,2675995.2,185.833,0.0,486.81199999999995,261360.0,0.0
2020-01-21 08:00:00,7.94,10.415999999999999,301.8,10.1,1.16,0.054000000000000006,0.008,0.46,9.32,7.64,9.197000000000001,553.1,43.1,2.58,0.74,0.151,1.72,11.53,7.45,8.27,466.5,22.0,3.01,0.88,0.14400000000000002,4.93,11.7,2822400,418.08,2544004.8,176.667,0.0,486.82300000000004,260640.0,0.0
2020-01-21 12:00:00,8.0,10.282,309.1,10.8,1.08,0.051,0.006999999999999999,0.56,12.38,7.66,9.566,554.2,24.4,2.24,0.71,0.141,2.32,11.74,7.46,8.51,470.3,22.3,3.65,0.82,0.141,4.39,11.9,2822400,418.05,2412000.0,167.5,0.0,486.835,259920.0,0.0
2020-01-21 16:00:00,7.96,10.236,316.6,9.5,1.0,0.048,0.006999999999999999,0.43,10.33,7.72,9.711,562.0,24.0,2.33,0.67,0.13699999999999998,5.15,12.46,7.5,8.58,481.9,18.0,10.63,0.72,0.12300000000000001,0.04,12.3,2822400,418.02,2279995.2,158.333,0.0,486.847,259200.0,0.0
2020-01-21 20:00:00,7.93,10.085,311.0,9.5,0.98,0.05,0.006999999999999999,0.46,9.89,7.67,9.162,585.8,38.1,2.65,0.98,0.165,4.83,12.54,7.51,8.19,477.5,14.3,2.66,0.62,0.126,4.2,12.3,2822400,417.99,2148004.8,149.167,0.0,486.858,258480.0,0.0
2020-01-22 00:00:00,7.94,10.312000000000001,310.6,9.5,4.89,0.052000000000000005,0.006999999999999999,0.47,9.63,7.62,8.523,601.4,40.1,3.0,1.35,0.185,5.14,12.47,7.5,8.0,482.3,15.9,2.59,0.69,0.136,4.23,12.1,2793600,417.96,2016000.0,140.0,1.5,486.87,257760.0,0.0
2020-01-22 04:00:00,7.93,10.182,319.4,9.3,1.03,0.05,0.006999999999999999,0.45,9.63,7.62,8.714,566.5,36.4,3.02,0.86,0.161,4.73,11.98,7.49,8.1,499.1,18.0,2.64,0.61,0.135,4.3,12.0,2793600,417.972,2056795.2,142.833,0.0,486.88199999999995,254635.2,0.0
2020-01-22 08:00:00,7.94,10.41,290.2,9.4,1.11,0.049,0.008,0.47,9.48,7.66,9.125,565.3,37.6,2.49,0.68,0.149,4.46,11.85,7.5,8.34,462.3,19.8,2.58,0.65,0.126,4.03,11.7,2793600,417.983,2097604.8,145.667,0.0,486.89300000000003,251524.8,0.0
2020-01-22 12:00:00,8.0,10.342,307.8,9.2,1.03,0.055,0.006999999999999999,0.42,11.66,7.76,9.732999999999999,561.5,27.7,2.21,0.41,0.129,3.56,12.0,7.51,8.45,483.6,18.6,2.68,0.72,0.16699999999999998,4.34,13.2,2793600,417.995,2138400.0,148.5,0.0,486.905,248400.0,0.0
2020-01-22 16:00:00,7.97,10.199,292.8,10.1,1.2,0.051,0.006999999999999999,0.44,10.72,7.84,9.941,537.5,37.9,1.97,0.4,0.125,4.18,12.26,7.5,8.46,524.3,366.2,4.42,0.61,0.209,5.38,12.9,2793600,418.00699999999995,2179195.2,151.333,0.0,486.917,245275.2,0.0
2020-01-22 20:00:00,7.93,10.077,301.9,8.9,0.96,0.052000000000000005,0.006999999999999999,0.5,9.9,7.77,8.999,538.6,28.3,2.39,0.57,0.135,3.24,12.02,7.52,8.51,514.5,15.0,2.93,0.52,0.124,4.4,12.8,2793600,418.01800000000003,2220004.8,154.167,0.0,486.92800000000005,242164.8,0.0
2020-01-23 00:00:00,7.94,10.458,309.9,9.8,0.89,0.045,0.006999999999999999,0.55,9.79,7.7,9.545,533.2,38.7,1.77,0.44,0.121,3.72,11.79,7.49,8.09,495.0,15.9,2.81,0.65,0.128,4.45,12.8,3772800,418.03,2260800.0,157.0,1.0,486.94,239040.0,0.0
2020-01-23 04:00:00,7.95,10.537,332.2,9.9,0.93,0.044000000000000004,0.006999999999999999,0.54,9.66,7.7,9.586,528.1,39.3,2.03,0.48,0.126,3.39,11.54,7.49,8.22,505.4,18.0,2.81,0.58,0.131,4.25,12.3,3772800,418.038,2304000.0,160.0,0.0,486.935,238564.8,0.0
2020-01-23 08:00:00,7.95,10.493,305.2,9.5,1.24,0.053,0.008,0.5,9.75,7.69,9.504,524.8,41.3,2.33,0.5,0.125,3.95,11.54,7.52,8.42,503.2,18.3,2.84,0.66,0.122,4.4,12.1,3772800,418.04699999999997,2347200.0,163.0,0.0,486.93,238075.2,0.0
2020-01-23 12:00:00,7.95,10.251,304.7,10.0,1.12,0.05,0.006,0.55,10.25,7.74,9.961,545.4,28.1,2.33,0.38,0.115,3.81,11.8,7.55,8.78,498.4,15.9,2.59,0.5,0.099,4.17,12.5,3772800,418.055,2390400.0,166.0,0.0,486.925,237600.0,0.0
2020-01-23 16:00:00,7.94,10.099,308.6,10.5,1.04,0.053,0.006999999999999999,0.42,10.13,7.77,10.027000000000001,544.3,42.9,1.78,0.41,0.115,3.9,11.87,7.58,9.05,505.5,14.3,2.65,0.4,0.114,3.87,12.4,3772800,418.06300000000005,2433600.0,169.0,0.0,486.92,237124.8,0.0
2020-01-23 20:00:00,7.93,10.067,308.4,8.8,0.99,0.053,0.006,0.516098917,9.81,7.75,9.857000000000001,540.8,38.1,2.044686556,0.44,0.12407477900000001,3.725813866,11.74,7.56,8.81,489.4,14.6,2.6054623130000003,0.341779679,0.113339379,4.035742283,12.1,3772800,418.07199999999995,2476800.0,172.0,0.0,486.915,236635.2,0.0
