站点名称,河流,监测时间,高锰酸盐指数,氨氮,总磷,浊度,溶解氧,pH,生物毒性,水质类别,考核水质类别,不达标因子,crawling_time
黄龙溪,府河,2020-05-21 12,5.50,0.280,0.154,135.5,6.58,7.62,--,III,Ⅴ,-,2020-05-21 15:05:02
黄龙溪,府河,2020-05-21 16,5.80,0.320,0.150,119.3,6.47,7.58,--,III,Ⅴ,-,2020-05-21 19:05:02
黄龙溪,府河,2020-05-21 20,5.60,0.380,0.151,119.9,6.35,7.55,--,III,Ⅴ,-,2020-05-21 23:05:02
黄龙溪,府河,2020-05-22 00,5.50,0.420,0.147,100.1,6.15,7.52,--,III,Ⅴ,-,2020-05-22 03:05:02
黄龙溪,府河,2020-05-22 04,5.20,0.380,0.141,87.6,6.43,7.51,--,III,Ⅴ,-,2020-05-22 07:05:02
黄龙溪,府河,2020-05-22 08,5.00,0.440,0.151,91.2,6.28,7.49,--,III,Ⅴ,-,2020-05-22 11:05:03
黄龙溪,府河,2020-05-22 12,6.10,0.480,0.161,170.3,6.20,7.48,--,IV,Ⅴ,高锰酸盐指数,2020-05-22 15:05:02
黄龙溪,府河,2020-05-22 16,5.30,0.480,0.165,106.8,6.12,7.45,--,III,Ⅴ,-,2020-05-22 19:05:02
黄龙溪,府河,2020-05-22 20,5.30,0.350,0.152,103.8,6.20,7.47,--,III,Ⅴ,-,2020-05-22 23:05:02
黄龙溪,府河,2020-05-23 00,5.20,0.340,0.131,83.9,6.02,7.47,--,III,Ⅴ,-,2020-05-23 03:05:02
黄龙溪,府河,2020-05-23 04,4.90,0.270,0.144,73.5,6.31,7.48,--,III,Ⅴ,-,2020-05-23 07:05:01
黄龙溪,府河,2020-05-23 08,4.70,0.250,0.142,76.9,6.39,7.49,--,III,Ⅴ,-,2020-05-23 11:05:03
黄龙溪,府河,2020-05-23 12,5.00,0.240,0.157,144.0,6.51,7.51,--,III,Ⅴ,-,2020-05-23 15:05:03
黄龙溪,府河,2020-05-23 16,4.80,0.260,0.164,106.2,6.29,7.49,--,III,Ⅴ,-,2020-05-23 19:05:02
黄龙溪,府河,2020-05-23 20,4.80,0.240,0.147,89.7,6.69,7.49,--,III,Ⅴ,-,2020-05-23 23:05:02
黄龙溪,府河,2020-05-24 00,4.50,0.260,0.148,81.2,5.99,7.49,--,III,Ⅴ,-,2020-05-24 03:05:02
黄龙溪,府河,2020-05-24 04,4.90,0.250,0.139,74.2,6.25,7.53,--,III,Ⅴ,-,2020-05-24 07:05:02
黄龙溪,府河,2020-05-24 08,4.30,0.200,0.148,77.5,6.35,7.55,--,III,Ⅴ,-,2020-05-24 11:05:02
黄龙溪,府河,2020-05-24 12,5.20,0.330,0.171,111.4,6.48,7.53,--,III,Ⅴ,-,2020-05-24 15:05:02
黄龙溪,府河,2020-05-24 16,5.80,0.410,0.164,91.6,6.63,7.47,--,III,Ⅴ,-,2020-05-24 19:05:02
黄龙溪,府河,2020-05-24 20,6.00,0.470,0.162,88.2,6.55,7.47,--,III,Ⅴ,-,2020-05-24 23:05:02
黄龙溪,府河,2020-05-25 00,5.70,0.550,0.156,95.8,6.59,7.43,--,III,Ⅴ,-,2020-05-25 03:05:02
黄龙溪,府河,2020-05-25 04,5.80,0.600,0.172,110.8,6.53,7.43,--,III,Ⅴ,-,2020-05-25 07:05:02
黄龙溪,府河,2020-05-25 08,6.10,0.550,0.169,112.9,6.78,7.42,--,IV,Ⅴ,高锰酸盐指数,2020-05-25 11:05:02
黄龙溪,府河,2020-05-25 12,5.60,0.640,0.157,107.4,6.56,7.39,--,III,Ⅴ,-,2020-05-25 15:05:03
黄龙溪,府河,2020-05-25 16,5.30,0.630,0.166,99.5,6.54,7.36,--,III,Ⅴ,-,2020-05-25 19:05:03
黄龙溪,府河,2020-05-25 20,5.20,0.540,0.151,100.4,6.63,7.39,--,III,Ⅴ,-,2020-05-25 23:05:02
黄龙溪,府河,2020-05-26 00,4.90,0.490,0.137,76.6,6.69,7.39,--,III,Ⅴ,-,2020-05-26 03:05:03
黄龙溪,府河,2020-05-26 04,5.00,0.360,0.146,84.5,6.74,7.42,--,III,Ⅴ,-,2020-05-26 07:05:02
黄龙溪,府河,2020-05-26 08,4.70,0.330,0.151,70.2,7.06,7.43,--,III,Ⅴ,-,2020-05-26 11:05:02
黄龙溪,府河,2020-05-26 12,4.90,0.330,0.150,98.9,6.95,7.44,--,III,Ⅴ,-,2020-05-26 15:05:02
黄龙溪,府河,2020-05-26 16,4.40,0.300,0.142,67.8,7.22,7.45,--,III,Ⅴ,-,2020-05-26 19:05:03
黄龙溪,府河,2020-05-26 20,4.30,0.300,0.133,60.4,7.31,7.49,--,III,Ⅴ,-,2020-05-26 23:05:02
黄龙溪,府河,2020-05-27 00,4.40,0.210,0.135,57.7,7.23,7.49,--,III,Ⅴ,-,2020-05-27 03:05:03
黄龙溪,府河,2020-05-27 04,4.10,0.220,0.130,58.9,7.24,7.51,--,III,Ⅴ,-,2020-05-27 07:05:02
黄龙溪,府河,2020-05-27 08,4.40,0.180,0.140,62.6,7.43,7.51,--,III,Ⅴ,-,2020-05-27 11:05:02
黄龙溪,府河,2020-05-27 12,4.00,0.170,0.140,73.5,7.38,7.53,--,III,Ⅴ,-,2020-05-27 15:05:03
黄龙溪,府河,2020-05-27 16,3.90,0.190,0.136,61.3,7.38,7.52,--,III,Ⅴ,-,2020-05-27 19:05:03
黄龙溪,府河,2020-05-27 20,3.90,0.210,0.131,65.0,7.47,7.57,--,III,Ⅴ,-,2020-05-27 23:05:02
黄龙溪,府河,2020-05-28 00,3.80,0.210,0.127,54.3,7.36,7.55,--,III,Ⅴ,-,2020-05-28 03:05:03
黄龙溪,府河,2020-05-28 04,3.90,0.180,0.121,53.7,7.12,7.56,--,III,Ⅴ,-,2020-05-28 07:05:02
黄龙溪,府河,2020-05-28 08,3.90,0.180,0.140,55.8,7.42,7.57,--,III,Ⅴ,-,2020-05-28 11:05:02
黄龙溪,府河,2020-05-28 12,NA,NA,NA,65.0,7.32,7.56,--,II,Ⅴ,-,2020-05-28 15:05:02
黄龙溪,府河,2020-05-28 16,5.20,0.200,0.157,69.9,7.38,7.56,--,III,Ⅴ,-,2020-05-28 19:05:03
黄龙溪,府河,2020-05-28 20,3.80,0.180,0.137,76.3,7.43,7.57,--,III,Ⅴ,-,2020-05-28 23:05:03
黄龙溪,府河,2020-05-29 00,3.80,0.220,0.136,71.1,6.97,7.55,--,III,Ⅴ,-,2020-05-29 03:05:03
黄龙溪,府河,2020-05-29 04,3.70,0.210,0.130,68.4,7.33,7.57,--,III,Ⅴ,-,2020-05-29 07:05:02
黄龙溪,府河,2020-05-29 08,3.10,0.200,0.138,64.1,7.41,7.58,--,III,Ⅴ,-,2020-05-29 11:05:03
黄龙溪,府河,2020-05-29 12,3.40,0.170,0.131,68.7,7.34,7.55,--,III,Ⅴ,-,2020-05-29 15:05:02
黄龙溪,府河,2020-05-29 16,3.10,0.150,0.146,70.2,7.32,7.60,--,III,Ⅴ,-,2020-05-29 19:05:03
黄龙溪,府河,2020-05-29 20,3.00,0.140,0.122,63.5,7.43,7.61,--,III,Ⅴ,-,2020-05-29 23:05:03
黄龙溪,府河,2020-05-30 00,3.10,0.150,0.132,58.0,6.98,7.59,--,III,Ⅴ,-,2020-05-30 03:05:03
黄龙溪,府河,2020-05-30 04,3.10,0.150,0.127,61.6,7.10,7.60,--,III,Ⅴ,-,2020-05-30 07:05:02
黄龙溪,府河,2020-05-30 08,3.40,0.150,0.133,66.8,7.15,7.62,--,III,Ⅴ,-,2020-05-30 11:05:02
黄龙溪,府河,2020-05-30 12,3.20,0.170,0.129,66.8,7.26,7.60,--,III,Ⅴ,-,2020-05-30 15:05:02
黄龙溪,府河,2020-05-30 16,3.50,0.140,0.135,79.7,7.15,7.62,--,III,Ⅴ,-,2020-05-30 19:05:02
黄龙溪,府河,2020-05-30 20,3.40,0.140,0.129,77.8,7.23,7.60,--,III,Ⅴ,-,2020-05-30 23:05:02
黄龙溪,府河,2020-05-31 00,3.40,0.150,0.126,82.4,7.04,7.59,--,III,Ⅴ,-,2020-05-31 03:05:02
黄龙溪,府河,2020-05-31 04,3.30,0.120,0.126,69.6,7.15,7.61,--,III,Ⅴ,-,2020-05-31 07:05:02
黄龙溪,府河,2020-05-31 08,3.70,0.150,0.137,77.2,7.08,7.61,--,III,Ⅴ,-,2020-05-31 11:05:02
黄龙溪,府河,2020-05-31 12,3.40,0.160,0.134,76.3,7.12,7.58,--,III,Ⅴ,-,2020-05-31 15:05:03
黄龙溪,府河,2020-05-31 16,3.50,0.160,0.131,83.0,7.22,7.60,--,III,Ⅴ,-,2020-05-31 19:05:03
黄龙溪,府河,2020-05-31 20,3.50,0.160,0.152,65.3,7.13,7.60,--,III,Ⅴ,-,2020-05-31 23:05:02
黄龙溪,府河,2020-06-01 00,3.40,0.190,0.122,70.2,6.93,7.62,--,III,Ⅴ,-,2020-06-01 03:05:02
黄龙溪,府河,2020-06-01 04,3.40,0.150,0.118,74.5,7.17,7.63,--,III,Ⅴ,-,2020-06-01 07:05:02
黄龙溪,府河,2020-06-01 08,3.40,0.170,0.123,81.2,7.15,7.61,--,III,Ⅴ,-,2020-06-01 11:05:02
黄龙溪,府河,2020-06-01 12,3.80,0.210,0.127,106.5,6.94,7.55,--,III,Ⅴ,-,2020-06-01 15:05:02
黄龙溪,府河,2020-06-01 16,4.40,0.250,0.134,130.3,6.63,7.50,--,III,Ⅴ,-,2020-06-01 19:05:03
黄龙溪,府河,2020-06-01 20,4.10,0.220,0.129,114.7,6.86,7.52,--,III,Ⅴ,-,2020-06-01 23:05:02
黄龙溪,府河,2020-06-02 00,4.20,0.230,0.133,119.6,6.91,7.56,--,III,Ⅴ,-,2020-06-02 03:05:02
黄龙溪,府河,2020-06-02 04,4.40,0.250,0.130,124.2,7.04,7.53,--,III,Ⅴ,-,2020-06-02 07:05:03
黄龙溪,府河,2020-06-02 08,4.90,0.360,0.147,171.2,6.56,7.48,--,III,Ⅴ,-,2020-06-02 11:05:02
黄龙溪,府河,2020-06-02 12,4.40,0.300,0.136,119.6,7.11,7.49,--,III,Ⅴ,-,2020-06-02 15:05:03
黄龙溪,府河,2020-06-02 16,4.10,0.290,0.126,111.1,7.33,7.51,--,III,Ⅴ,-,2020-06-02 19:05:03
黄龙溪,府河,2020-06-02 20,5.50,0.240,0.154,170.3,7.11,7.50,--,III,Ⅴ,-,2020-06-02 23:05:02
黄龙溪,府河,2020-06-03 00,4.70,0.180,0.139,130.6,7.26,7.54,--,III,Ⅴ,-,2020-06-03 03:05:02
黄龙溪,府河,2020-06-03 04,4.50,0.210,0.138,112.3,7.35,7.56,--,III,Ⅴ,-,2020-06-03 07:05:03
黄龙溪,府河,2020-06-03 08,4.50,0.170,0.142,123.3,7.21,7.57,--,III,Ⅴ,-,2020-06-03 11:05:03
黄龙溪,府河,2020-06-03 12,NA,NA,NA,137.3,7.50,7.57,--,II,Ⅴ,-,2020-06-03 15:05:02
黄龙溪,府河,2020-06-03 16,4.10,0.170,0.130,102.2,7.60,7.59,--,III,Ⅴ,-,2020-06-03 19:05:03
黄龙溪,府河,2020-06-03 20,4.10,0.210,0.125,98.9,7.27,7.48,--,III,Ⅴ,-,2020-06-03 23:05:02
黄龙溪,府河,2020-06-04 00,4.10,0.160,0.121,87.6,7.13,7.52,--,III,Ⅴ,-,2020-06-04 03:05:02
黄龙溪,府河,2020-06-04 04,4.10,0.170,0.124,94.3,7.32,7.53,--,III,Ⅴ,-,2020-06-04 07:05:03
黄龙溪,府河,2020-06-04 08,4.10,0.190,0.139,99.5,7.31,7.53,--,III,Ⅴ,-,2020-06-04 11:05:03
黄龙溪,府河,2020-06-04 12,NA,0.130,0.145,95.5,7.18,7.49,--,III,Ⅴ,-,2020-06-04 15:05:02
黄龙溪,府河,2020-06-04 16,7.30,0.190,0.148,91.9,7.29,7.50,--,IV,Ⅴ,高锰酸盐指数,2020-06-04 19:05:03
黄龙溪,府河,2020-06-04 20,3.50,0.200,0.127,93.7,7.01,7.49,--,III,Ⅴ,-,2020-06-04 23:05:01
黄龙溪,府河,2020-06-05 00,3.50,0.140,0.111,82.4,6.78,7.49,--,III,Ⅴ,-,2020-06-05 03:05:02
黄龙溪,府河,2020-06-05 04,3.50,0.270,0.010,82.4,6.82,7.51,--,II,Ⅴ,-,2020-06-05 07:05:02
黄龙溪,府河,2020-06-05 08,3.50,0.140,0.118,87.0,6.77,7.48,--,III,Ⅴ,-,2020-06-05 11:05:03
黄龙溪,府河,2020-06-05 12,7.50,0.190,0.124,118.4,6.72,7.45,--,IV,Ⅴ,高锰酸盐指数,2020-06-05 15:05:02
黄龙溪,府河,2020-06-05 16,3.90,0.240,0.121,100.1,NA,7.45,--,III,Ⅴ,-,2020-06-05 19:05:02
黄龙溪,府河,2020-06-05 20,4.00,0.190,0.117,100.4,6.81,7.42,--,III,Ⅴ,-,2020-06-05 23:05:02
黄龙溪,府河,2020-06-06 00,4.10,0.160,0.113,99.8,6.65,7.46,--,III,Ⅴ,-,2020-06-06 03:05:02
黄龙溪,府河,2020-06-06 04,4.00,0.160,0.111,87.3,6.73,7.44,--,III,Ⅴ,-,2020-06-06 07:05:02
黄龙溪,府河,2020-06-06 08,4.10,0.180,0.119,93.1,6.53,7.44,--,III,Ⅴ,-,2020-06-06 11:05:02
黄龙溪,府河,2020-06-06 12,4.40,0.220,0.119,127.9,6.50,7.40,--,III,Ⅴ,-,2020-06-06 15:05:03
黄龙溪,府河,2020-06-06 16,4.30,0.220,0.117,97.0,6.50,7.40,--,III,Ⅴ,-,2020-06-06 19:05:02
黄龙溪,府河,2020-06-06 20,4.30,0.220,0.110,93.7,6.45,7.37,--,III,Ⅴ,-,2020-06-06 23:05:02
黄龙溪,府河,2020-06-07 00,4.20,0.150,0.119,92.2,6.54,7.39,--,III,Ⅴ,-,2020-06-07 03:05:02
黄龙溪,府河,2020-06-07 04,4.10,0.160,0.120,93.1,6.68,7.42,--,III,Ⅴ,-,2020-06-07 07:05:02
黄龙溪,府河,2020-06-07 08,4.30,0.200,0.127,94.6,6.43,7.41,--,III,Ⅴ,-,2020-06-07 11:05:02
黄龙溪,府河,2020-06-07 12,4.70,0.200,0.131,140.7,6.55,7.36,--,III,Ⅴ,-,2020-06-07 15:05:02
黄龙溪,府河,2020-06-07 16,5.00,0.230,0.134,142.2,6.37,7.34,--,III,Ⅴ,-,2020-06-07 19:05:02
黄龙溪,府河,2020-06-07 20,4.70,0.250,0.132,117.8,6.40,7.31,--,III,Ⅴ,-,2020-06-07 23:05:02
黄龙溪,府河,2020-06-08 00,5.00,0.180,0.126,118.1,6.54,7.35,--,III,Ⅴ,-,2020-06-08 03:05:02
黄龙溪,府河,2020-06-08 04,4.80,0.220,0.119,113.8,6.49,7.31,--,III,Ⅴ,-,2020-06-08 07:05:02
黄龙溪,府河,2020-06-08 08,4.80,0.340,0.131,97.4,6.11,7.28,--,III,Ⅴ,-,2020-06-08 11:05:02
黄龙溪,府河,2020-06-08 12,4.40,0.360,0.131,92.5,6.32,7.41,--,III,Ⅴ,-,2020-06-08 15:05:02
黄龙溪,府河,2020-06-08 16,4.70,0.360,0.121,93.7,NA,7.40,--,III,Ⅴ,-,2020-06-08 19:05:03
黄龙溪,府河,2020-06-08 20,4.50,0.360,0.126,74.2,NA,7.38,--,III,Ⅴ,-,2020-06-08 23:05:02
黄龙溪,府河,2020-06-09 00,4.20,0.290,0.124,70.8,6.07,7.42,--,III,Ⅴ,-,2020-06-09 03:05:02
黄龙溪,府河,2020-06-09 04,4.20,0.230,0.123,62.0,6.57,7.43,--,III,Ⅴ,-,2020-06-09 07:05:02
黄龙溪,府河,2020-06-09 08,4.10,0.280,0.121,66.5,6.30,7.43,--,III,Ⅴ,-,2020-06-09 11:05:02
黄龙溪,府河,2020-06-09 12,4.50,0.320,0.120,130.6,6.67,7.43,--,III,Ⅴ,-,2020-06-09 15:05:03
黄龙溪,府河,2020-06-09 16,4.10,0.340,0.115,80.0,6.78,7.44,--,III,Ⅴ,-,2020-06-09 19:05:03
黄龙溪,府河,2020-06-09 20,4.60,0.270,0.136,106.2,6.69,7.49,--,III,Ⅴ,-,2020-06-09 23:05:02
黄龙溪,府河,2020-06-10 00,4.60,0.220,0.127,87.3,6.30,7.51,--,III,Ⅴ,-,2020-06-10 03:05:02
黄龙溪,府河,2020-06-10 04,4.20,0.170,0.125,73.2,6.70,7.58,--,III,Ⅴ,-,2020-06-10 07:05:02
黄龙溪,府河,2020-06-10 08,4.20,0.190,0.130,76.9,6.56,7.56,--,III,Ⅴ,-,2020-06-10 11:05:02
黄龙溪,府河,2020-06-10 12,4.40,0.180,0.133,77.8,6.73,7.55,--,III,Ⅴ,-,2020-06-10 15:05:02
黄龙溪,府河,2020-06-10 16,NA,0.190,0.118,0.0,NA,NA,--,III,Ⅴ,-,2020-06-10 19:05:03
黄龙溪,府河,2020-06-10 20,NA,0.160,0.113,0.0,NA,NA,--,III,Ⅴ,-,2020-06-10 23:05:03
黄龙溪,府河,2020-06-11 00,NA,0.170,0.121,0.0,NA,NA,--,III,Ⅴ,-,2020-06-11 03:05:02
黄龙溪,府河,2020-06-11 04,NA,0.150,0.111,0.0,NA,NA,--,III,Ⅴ,-,2020-06-11 07:05:03
黄龙溪,府河,2020-06-11 08,NA,0.150,0.125,0.0,NA,NA,--,III,Ⅴ,-,2020-06-11 11:05:02
黄龙溪,府河,2020-06-11 12,NA,0.170,0.125,0.0,NA,NA,--,III,Ⅴ,-,2020-06-11 15:05:02
黄龙溪,府河,2020-06-11 16,NA,0.180,0.120,0.0,NA,NA,--,III,Ⅴ,-,2020-06-11 19:05:02
黄龙溪,府河,2020-06-11 20,NA,0.220,0.124,0.0,NA,NA,--,III,Ⅴ,-,2020-06-11 23:05:02
黄龙溪,府河,2020-06-12 00,NA,0.210,0.121,0.0,NA,NA,--,III,Ⅴ,-,2020-06-12 03:05:02
黄龙溪,府河,2020-06-12 04,NA,0.210,0.120,0.0,NA,NA,--,III,Ⅴ,-,2020-06-12 07:05:02
黄龙溪,府河,2020-06-12 08,NA,0.190,0.126,0.0,NA,NA,--,III,Ⅴ,-,2020-06-12 11:05:02
黄龙溪,府河,2020-06-12 12,1.20,0.230,0.145,115.4,6.77,7.56,--,III,Ⅴ,-,2020-06-12 15:05:02
黄龙溪,府河,2020-06-12 16,3.90,0.180,0.135,81.5,6.33,7.56,--,III,Ⅴ,-,2020-06-12 19:05:02
黄龙溪,府河,2020-06-12 20,4.00,0.250,0.128,80.3,6.50,7.63,--,III,Ⅴ,-,2020-06-12 23:05:01
黄龙溪,府河,2020-06-13 00,4.00,0.160,0.123,79.7,6.80,7.66,--,III,Ⅴ,-,2020-06-13 03:05:02
黄龙溪,府河,2020-06-13 04,4.10,0.180,0.120,70.2,6.61,7.66,--,III,Ⅴ,-,2020-06-13 07:05:02
黄龙溪,府河,2020-06-13 08,3.90,0.190,0.123,74.5,6.87,7.64,--,III,Ⅴ,-,2020-06-13 11:05:03
黄龙溪,府河,2020-06-13 12,3.90,0.250,0.127,75.4,6.48,7.60,--,III,Ⅴ,-,2020-06-13 15:05:03
黄龙溪,府河,2020-06-13 16,4.10,0.240,0.129,77.5,6.54,7.57,--,III,Ⅴ,-,2020-06-13 19:05:02
黄龙溪,府河,2020-06-13 20,3.80,0.280,0.124,70.8,6.29,NA,--,III,Ⅴ,-,2020-06-13 23:05:01
黄龙溪,府河,2020-06-14 00,4.00,0.200,0.121,81.8,6.77,7.59,--,III,Ⅴ,-,2020-06-14 03:05:02
黄龙溪,府河,2020-06-14 04,3.80,0.170,0.119,71.4,6.79,7.62,--,III,Ⅴ,-,2020-06-14 07:05:02
黄龙溪,府河,2020-06-14 08,4.00,0.210,0.124,76.3,6.83,7.59,--,III,Ⅴ,-,2020-06-14 11:05:01
黄龙溪,府河,2020-06-14 12,3.90,0.230,0.132,108.0,6.71,7.58,--,III,Ⅴ,-,2020-06-14 15:05:02
黄龙溪,府河,2020-06-14 16,3.70,0.230,0.116,65.9,6.84,7.56,--,III,Ⅴ,-,2020-06-14 19:05:03
黄龙溪,府河,2020-06-14 20,NA,NA,NA,67.1,6.63,7.55,--,II,Ⅴ,-,2020-06-14 23:05:02
黄龙溪,府河,2020-06-14 20,NA,NA,NA,67.1,6.63,7.55,--,II,Ⅴ,-,2020-06-15 03:05:02
黄龙溪,府河,2020-06-14 20,NA,NA,NA,67.1,6.63,7.55,--,II,Ⅴ,-,2020-06-15 07:05:02
黄龙溪,府河,2020-06-14 20,NA,NA,NA,67.1,6.63,7.55,--,II,Ⅴ,-,2020-06-15 11:05:02
黄龙溪,府河,2020-06-14 20,NA,NA,NA,67.1,6.63,7.55,--,II,Ⅴ,-,2020-06-15 15:05:02
黄龙溪,府河,2020-06-14 20,NA,NA,NA,67.1,6.63,7.55,--,II,Ⅴ,-,2020-06-15 19:05:03
黄龙溪,府河,2020-06-15 20,3.90,0.200,0.115,90.0,6.83,7.54,--,III,Ⅴ,-,2020-06-15 23:05:02
黄龙溪,府河,2020-06-16 00,3.50,0.180,0.106,77.8,6.75,7.53,--,III,Ⅴ,-,2020-06-16 03:05:02
黄龙溪,府河,2020-06-16 04,3.70,0.180,0.100,75.1,6.75,7.53,--,II,Ⅴ,-,2020-06-16 07:05:02
黄龙溪,府河,2020-06-16 08,3.60,0.180,0.109,88.2,6.54,7.54,--,III,Ⅴ,-,2020-06-16 11:05:03
黄龙溪,府河,2020-06-16 12,4.50,0.210,0.109,118.7,6.64,7.50,--,III,Ⅴ,-,2020-06-16 15:05:02
黄龙溪,府河,2020-06-16 16,3.90,0.210,0.111,100.7,6.63,7.48,--,III,Ⅴ,-,2020-06-16 19:05:03
黄龙溪,府河,2020-06-16 20,4.00,0.230,0.107,93.4,6.50,7.46,--,III,Ⅴ,-,2020-06-16 23:05:02
黄龙溪,府河,2020-06-17 00,3.80,0.190,0.107,82.4,6.59,7.53,--,III,Ⅴ,-,2020-06-17 03:05:02
黄龙溪,府河,2020-06-17 04,3.50,0.220,0.095,79.0,6.78,7.55,--,II,Ⅴ,-,2020-06-17 07:05:02
黄龙溪,府河,2020-06-17 08,11.40,0.450,NA,472.1,5.98,7.48,--,V,Ⅴ,高锰酸盐指数,2020-06-17 11:05:02
黄龙溪,府河,2020-06-17 12,14.70,0.730,NA,473.0,4.75,7.45,--,V,Ⅴ,"高锰酸盐指数,溶解氧",2020-06-17 15:05:03
黄龙溪,府河,2020-06-17 16,14.70,0.930,NA,460.2,4.57,7.47,--,V,Ⅴ,"高锰酸盐指数,溶解氧",2020-06-17 19:05:02
黄龙溪,府河,2020-06-17 20,14.70,1.250,NA,273.7,4.52,7.44,--,V,Ⅴ,"氨氮,高锰酸盐指数,溶解氧",2020-06-17 23:05:03
黄龙溪,府河,2020-06-18 00,8.00,1.000,0.148,182.2,5.05,7.41,--,IV,Ⅴ,高锰酸盐指数,2020-06-18 03:05:02
黄龙溪,府河,2020-06-18 04,6.50,0.830,0.131,119.0,5.76,7.37,--,IV,Ⅴ,高锰酸盐指数,2020-06-18 07:05:02
黄龙溪,府河,2020-06-18 08,5.50,0.760,0.138,120.2,5.72,7.35,--,III,Ⅴ,-,2020-06-18 11:05:02
黄龙溪,府河,2020-06-18 12,4.80,0.650,0.121,108.9,6.17,7.34,--,III,Ⅴ,-,2020-06-18 15:05:02
黄龙溪,府河,2020-06-18 16,4.60,0.550,0.139,93.4,6.23,7.35,--,III,Ⅴ,-,2020-06-18 19:05:02
黄龙溪,府河,2020-06-18 20,4.80,0.480,0.158,83.9,6.29,7.56,--,III,Ⅴ,-,2020-06-18 23:05:03
黄龙溪,府河,2020-06-19 00,4.20,0.280,0.131,78.1,6.69,7.63,--,III,Ⅴ,-,2020-06-19 03:05:02
黄龙溪,府河,2020-06-19 04,4.00,0.370,0.121,77.8,6.50,7.67,--,III,Ⅴ,-,2020-06-19 07:05:03
黄龙溪,府河,2020-06-19 08,4.80,0.300,0.126,92.5,6.69,7.66,--,III,Ⅴ,-,2020-06-19 11:05:02
黄龙溪,府河,2020-06-19 12,3.90,0.290,0.120,97.4,6.59,7.66,--,III,Ⅴ,-,2020-06-19 15:05:02
黄龙溪,府河,2020-06-19 16,4.00,0.160,0.106,83.9,6.67,7.64,--,III,Ⅴ,-,2020-06-19 19:05:02
黄龙溪,府河,2020-06-19 20,3.80,0.190,0.122,87.9,6.31,7.63,--,III,Ⅴ,-,2020-06-19 23:05:02
黄龙溪,府河,2020-06-20 00,3.80,0.120,0.115,88.2,6.72,7.67,--,III,Ⅴ,-,2020-06-20 03:05:02
黄龙溪,府河,2020-06-20 04,3.80,0.150,0.110,79.0,6.67,7.69,--,III,Ⅴ,-,2020-06-20 07:05:03
黄龙溪,府河,2020-06-20 08,3.90,0.160,0.120,98.3,6.83,7.66,--,III,Ⅴ,-,2020-06-20 11:05:02
黄龙溪,府河,2020-06-20 12,3.90,0.200,0.111,109.6,6.65,7.66,--,III,Ⅴ,-,2020-06-20 15:05:03
黄龙溪,府河,2020-06-20 16,4.00,0.190,0.098,98.9,6.62,7.59,--,II,Ⅴ,-,2020-06-20 19:05:03
黄龙溪,府河,2020-06-20 20,4.00,0.230,0.114,101.9,6.40,7.57,--,III,Ⅴ,-,2020-06-20 23:05:02
黄龙溪,府河,2020-06-21 00,4.00,0.150,0.121,105.6,6.84,7.58,--,III,Ⅴ,-,2020-06-21 03:05:02
黄龙溪,府河,2020-06-21 04,3.90,0.210,0.113,109.9,6.77,7.58,--,III,Ⅴ,-,2020-06-21 07:05:02
黄龙溪,府河,2020-06-21 08,4.20,0.190,0.125,105.6,6.88,7.54,--,III,Ⅴ,-,2020-06-21 11:05:03
黄龙溪,府河,2020-06-21 12,4.00,0.240,0.118,116.3,6.75,7.51,--,III,Ⅴ,-,2020-06-21 15:05:02
黄龙溪,府河,2020-06-21 16,4.20,0.240,0.122,108.6,6.80,7.50,--,III,Ⅴ,-,2020-06-21 19:05:03
黄龙溪,府河,2020-06-21 20,4.20,0.360,0.127,118.4,6.30,7.45,--,III,Ⅴ,-,2020-06-21 23:05:01
黄龙溪,府河,2020-06-22 00,4.40,0.270,0.122,104.4,6.52,7.44,--,III,Ⅴ,-,2020-06-22 03:05:02
黄龙溪,府河,2020-06-22 04,4.20,0.280,0.119,93.7,6.54,7.44,--,III,Ⅴ,-,2020-06-22 07:05:02
黄龙溪,府河,2020-06-22 12,3.90,0.420,0.132,110.5,6.12,7.41,--,III,Ⅴ,-,2020-06-22 15:05:02
黄龙溪,府河,2020-06-22 16,4.20,0.420,0.133,87.9,6.39,7.39,--,III,Ⅴ,-,2020-06-22 19:05:03
黄龙溪,府河,2020-06-22 20,4.30,0.460,0.146,84.5,6.13,7.39,--,III,Ⅴ,-,2020-06-22 23:05:02
黄龙溪,府河,2020-06-23 00,4.70,0.320,0.139,80.3,6.76,7.44,--,III,Ⅴ,-,2020-06-23 03:05:02
黄龙溪,府河,2020-06-23 04,4.30,0.410,0.133,77.5,6.29,7.42,--,III,Ⅴ,-,2020-06-23 07:05:02
黄龙溪,府河,2020-06-23 08,4.20,0.410,0.140,105.9,6.48,7.41,--,III,Ⅴ,-,2020-06-23 11:05:02
黄龙溪,府河,2020-06-23 16,3.80,0.390,0.138,71.4,NA,7.40,--,III,Ⅴ,-,2020-06-23 19:05:03
黄龙溪,府河,2020-06-23 20,3.70,0.330,0.143,64.1,NA,7.43,--,III,Ⅴ,-,2020-06-23 23:05:02
黄龙溪,府河,2020-06-24 00,3.80,0.190,0.122,81.8,NA,7.48,--,III,Ⅴ,-,2020-06-24 03:05:02
黄龙溪,府河,2020-06-24 04,3.60,0.170,0.131,80.0,NA,7.51,--,III,Ⅴ,-,2020-06-24 07:05:02
黄龙溪,府河,2020-06-24 08,3.90,0.220,0.144,106.5,NA,7.48,--,III,Ⅴ,-,2020-06-24 11:05:01
黄龙溪,府河,2020-06-24 12,3.80,0.270,0.137,86.4,NA,7.46,--,III,Ⅴ,-,2020-06-24 15:05:02
黄龙溪,府河,2020-06-24 16,3.60,0.210,0.138,83.9,NA,7.44,--,III,Ⅴ,-,2020-06-24 19:05:02
黄龙溪,府河,2020-06-24 20,3.70,0.170,0.132,92.2,NA,7.47,--,III,Ⅴ,-,2020-06-24 23:05:02
黄龙溪,府河,2020-06-25 00,3.60,0.110,0.129,90.9,NA,7.50,--,III,Ⅴ,-,2020-06-25 03:05:02
黄龙溪,府河,2020-06-25 04,3.60,0.150,0.125,97.4,NA,7.51,--,III,Ⅴ,-,2020-06-25 07:05:03
黄龙溪,府河,2020-06-25 08,4.80,0.200,NA,203.2,NA,7.49,--,III,Ⅴ,-,2020-06-25 11:05:02
黄龙溪,府河,2020-06-25 12,4.20,0.110,0.129,120.2,NA,7.46,--,III,Ⅴ,-,2020-06-25 15:05:03
黄龙溪,府河,2020-06-25 16,4.20,0.100,0.117,100.1,NA,7.52,--,III,Ⅴ,-,2020-06-25 19:05:02
黄龙溪,府河,2020-06-25 20,5.90,0.060,0.130,159.0,NA,7.66,--,III,Ⅴ,-,2020-06-25 23:05:02
黄龙溪,府河,2020-06-26 00,6.30,0.080,0.098,166.3,NA,7.65,--,IV,Ⅴ,高锰酸盐指数,2020-06-26 03:05:02
黄龙溪,府河,2020-06-26 04,5.50,0.110,0.099,176.4,NA,7.62,--,III,Ⅴ,-,2020-06-26 07:05:02
黄龙溪,府河,2020-06-26 08,5.50,0.100,NA,257.9,7.23,7.60,--,III,Ⅴ,-,2020-06-26 11:05:03
黄龙溪,府河,2020-06-26 12,5.30,0.240,0.117,195.0,6.56,7.57,--,III,Ⅴ,-,2020-06-26 15:05:01
黄龙溪,府河,2020-06-26 16,5.60,0.140,0.122,164.2,6.66,7.58,--,III,Ⅴ,-,2020-06-26 19:05:03
黄龙溪,府河,2020-06-26 20,5.80,0.130,NA,219.7,6.80,7.61,--,III,Ⅴ,-,2020-06-26 23:05:02
黄龙溪,府河,2020-06-27 00,7.60,0.130,NA,236.8,6.97,7.60,--,IV,Ⅴ,高锰酸盐指数,2020-06-27 03:05:02
黄龙溪,府河,2020-06-27 04,7.00,0.330,NA,231.6,6.34,7.55,--,IV,Ⅴ,高锰酸盐指数,2020-06-27 07:05:02
黄龙溪,府河,2020-06-27 08,7.50,0.280,NA,228.6,6.05,7.51,--,IV,Ⅴ,高锰酸盐指数,2020-06-27 11:05:01
黄龙溪,府河,2020-06-27 12,7.60,0.310,NA,243.2,5.97,7.51,--,IV,Ⅴ,高锰酸盐指数,2020-06-27 15:05:02
黄龙溪,府河,2020-06-27 16,6.30,0.290,0.127,181.0,6.20,7.50,--,IV,Ⅴ,高锰酸盐指数,2020-06-27 19:05:02
黄龙溪,府河,2020-06-27 20,6.50,0.220,0.134,169.7,6.20,7.53,--,IV,Ⅴ,高锰酸盐指数,2020-06-27 23:05:02
黄龙溪,府河,2020-06-28 00,6.40,0.150,0.130,158.1,6.30,7.54,--,IV,Ⅴ,高锰酸盐指数,2020-06-28 03:05:03
黄龙溪,府河,2020-06-28 04,6.20,0.180,0.143,166.9,6.30,7.57,--,IV,Ⅴ,高锰酸盐指数,2020-06-28 07:05:02
黄龙溪,府河,2020-06-28 08,6.10,0.140,NA,212.4,6.33,7.56,--,IV,Ⅴ,高锰酸盐指数,2020-06-28 11:05:02
黄龙溪,府河,2020-06-28 12,6.30,0.220,0.139,157.8,6.31,7.56,--,IV,Ⅴ,高锰酸盐指数,2020-06-28 15:05:03
黄龙溪,府河,2020-06-28 12,6.30,0.220,0.139,157.8,6.31,7.56,--,IV,Ⅴ,高锰酸盐指数,2020-06-28 19:05:03
黄龙溪,府河,2020-06-28 20,6.20,0.030,0.148,157.5,6.43,7.55,--,IV,Ⅴ,高锰酸盐指数,2020-06-28 23:05:03
黄龙溪,府河,2020-06-29 00,5.20,NA,0.135,187.7,6.82,7.56,--,III,Ⅴ,-,2020-06-29 03:05:03
黄龙溪,府河,2020-06-29 04,5.80,0.070,0.173,172.1,6.88,7.57,--,III,Ⅴ,-,2020-06-29 07:05:02
黄龙溪,府河,2020-06-29 08,6.20,NA,NA,253.9,6.93,7.58,--,IV,Ⅴ,高锰酸盐指数,2020-06-29 11:05:03
黄龙溪,府河,2020-06-29 12,6.20,0.200,NA,215.2,6.71,7.57,--,IV,Ⅴ,高锰酸盐指数,2020-06-29 15:05:02
黄龙溪,府河,2020-06-29 16,4.50,0.160,0.135,154.1,6.84,7.54,--,III,Ⅴ,-,2020-06-29 19:05:03
黄龙溪,府河,2020-06-29 20,4.80,0.200,0.119,153.8,6.43,7.52,--,III,Ⅴ,-,2020-06-29 23:05:02
黄龙溪,府河,2020-06-30 00,7.40,0.280,NA,210.9,5.77,7.50,--,IV,Ⅴ,高锰酸盐指数,2020-06-30 03:05:02
黄龙溪,府河,2020-06-30 04,7.60,0.290,NA,272.8,6.43,7.54,--,IV,Ⅴ,高锰酸盐指数,2020-06-30 07:05:02
黄龙溪,府河,2020-06-30 08,8.90,0.720,NA,282.0,4.05,7.41,--,IV,Ⅴ,"高锰酸盐指数,溶解氧",2020-06-30 11:05:02
黄龙溪,府河,2020-06-30 12,8.40,1.350,0.173,189.5,3.28,7.33,--,IV,Ⅴ,"氨氮,高锰酸盐指数,溶解氧",2020-06-30 15:05:02
黄龙溪,府河,2020-06-30 16,8.40,0.110,NA,411.4,4.77,7.30,--,IV,Ⅴ,"高锰酸盐指数,溶解氧",2020-06-30 19:05:03
黄龙溪,府河,2020-06-30 20,6.40,0.520,0.169,115.7,4.66,7.33,--,IV,Ⅴ,"高锰酸盐指数,溶解氧",2020-06-30 23:05:01
黄龙溪,府河,2020-07-01 00,5.20,0.340,0.137,96.4,5.26,7.36,--,III,Ⅴ,-,2020-07-01 03:05:02
黄龙溪,府河,2020-07-01 04,4.50,0.180,0.125,99.5,5.70,7.45,--,III,Ⅴ,-,2020-07-01 07:05:02
黄龙溪,府河,2020-07-01 08,4.90,0.200,0.120,176.4,5.80,7.44,--,III,Ⅴ,-,2020-07-01 11:05:03
黄龙溪,府河,2020-07-01 12,4.90,0.220,0.128,158.4,5.68,7.45,--,III,Ⅴ,-,2020-07-01 15:05:03
黄龙溪,府河,2020-07-01 16,3.90,0.220,0.129,93.4,5.90,7.43,--,III,Ⅴ,-,2020-07-01 19:05:02
黄龙溪,府河,2020-07-01 20,4.10,0.250,0.133,92.2,5.82,7.43,--,III,Ⅴ,-,2020-07-01 23:05:02
黄龙溪,府河,2020-07-02 00,4.00,0.190,0.135,84.5,6.11,7.45,--,III,Ⅴ,-,2020-07-02 03:05:02
黄龙溪,府河,2020-07-02 04,3.80,0.160,0.125,91.2,6.06,7.47,--,III,Ⅴ,-,2020-07-02 07:05:03
黄龙溪,府河,2020-07-02 08,5.00,0.220,0.148,190.4,6.10,7.45,--,III,Ⅴ,-,2020-07-02 11:05:03
黄龙溪,府河,2020-07-02 12,4.60,0.320,0.149,136.1,5.99,7.42,--,III,Ⅴ,-,2020-07-02 15:05:02
黄龙溪,府河,2020-07-02 16,4.10,0.250,0.135,90.9,5.98,7.39,--,III,Ⅴ,-,2020-07-02 19:05:02
黄龙溪,府河,2020-07-02 20,4.20,0.220,0.135,80.3,5.57,7.42,--,III,Ⅴ,-,2020-07-02 23:05:01
黄龙溪,府河,2020-07-03 00,3.60,0.170,0.123,71.1,5.84,7.43,--,III,Ⅴ,-,2020-07-03 03:05:02
黄龙溪,府河,2020-07-03 04,3.60,0.260,0.135,80.0,5.71,7.47,--,III,Ⅴ,-,2020-07-03 07:05:03
黄龙溪,府河,2020-07-03 08,4.20,0.130,0.123,145.6,6.12,7.49,--,III,Ⅴ,-,2020-07-03 11:05:02
黄龙溪,府河,2020-07-03 12,4.10,0.160,0.129,114.4,6.01,7.49,--,III,Ⅴ,-,2020-07-03 15:05:02
黄龙溪,府河,2020-07-03 16,3.50,0.130,0.127,75.7,6.14,7.48,--,III,Ⅴ,-,2020-07-03 19:05:03
黄龙溪,府河,2020-07-03 20,3.50,0.130,0.119,72.3,5.95,7.49,--,III,Ⅴ,-,2020-07-03 23:05:02
黄龙溪,府河,2020-07-04 00,3.50,0.140,0.118,64.1,5.85,7.49,--,III,Ⅴ,-,2020-07-04 03:05:02
黄龙溪,府河,2020-07-04 04,3.70,0.100,0.122,72.9,5.94,7.56,--,III,Ⅴ,-,2020-07-04 07:05:02
黄龙溪,府河,2020-07-04 08,3.80,0.130,0.125,94.6,6.07,7.54,--,III,Ⅴ,-,2020-07-04 11:05:02
黄龙溪,府河,2020-07-04 12,4.00,0.210,0.135,105.6,5.80,7.52,--,III,Ⅴ,-,2020-07-04 15:05:03
黄龙溪,府河,2020-07-04 16,4.20,0.300,0.125,96.1,5.83,7.47,--,III,Ⅴ,-,2020-07-04 19:05:03
黄龙溪,府河,2020-07-04 20,4.60,0.360,0.126,103.2,5.54,7.44,--,III,Ⅴ,-,2020-07-04 23:05:02
黄龙溪,府河,2020-07-05 00,4.50,0.250,0.119,112.3,5.96,7.43,--,III,Ⅴ,-,2020-07-05 03:05:02
黄龙溪,府河,2020-07-05 04,5.50,0.150,0.126,140.1,6.05,7.46,--,III,Ⅴ,-,2020-07-05 07:05:02
黄龙溪,府河,2020-07-05 08,6.40,0.230,NA,218.5,6.06,7.44,--,IV,Ⅴ,高锰酸盐指数,2020-07-05 11:05:03
黄龙溪,府河,2020-07-05 12,5.40,0.310,0.136,121.5,5.70,7.39,--,III,Ⅴ,-,2020-07-05 15:05:03
黄龙溪,府河,2020-07-05 16,4.90,0.270,0.135,94.6,5.96,7.38,--,III,Ⅴ,-,2020-07-05 19:05:03
黄龙溪,府河,2020-07-05 20,4.30,0.190,0.129,70.5,5.85,7.39,--,III,Ⅴ,-,2020-07-05 23:05:02
黄龙溪,府河,2020-07-06 00,4.40,0.160,0.125,72.3,5.94,7.42,--,III,Ⅴ,-,2020-07-06 03:05:03
黄龙溪,府河,2020-07-06 04,4.20,0.140,0.128,82.7,6.20,7.47,--,III,Ⅴ,-,2020-07-06 07:05:02
黄龙溪,府河,2020-07-06 08,7.60,0.150,0.017,159.9,6.02,7.45,--,IV,Ⅴ,高锰酸盐指数,2020-07-06 11:05:01
黄龙溪,府河,2020-07-06 12,7.20,0.200,0.139,89.4,5.67,7.41,--,IV,Ⅴ,高锰酸盐指数,2020-07-06 15:05:03
黄龙溪,府河,2020-07-06 16,3.90,0.120,NA,69.0,6.02,7.47,--,II,Ⅴ,-,2020-07-06 19:05:03
黄龙溪,府河,2020-07-06 20,3.80,0.150,NA,67.4,5.71,7.48,--,III,Ⅴ,-,2020-07-06 23:05:02
黄龙溪,府河,2020-07-07 00,3.20,0.090,NA,58.9,5.86,7.48,--,III,Ⅴ,-,2020-07-07 03:05:03
黄龙溪,府河,2020-07-07 04,3.50,0.240,0.119,66.5,5.98,7.54,--,III,Ⅴ,-,2020-07-07 07:05:03
黄龙溪,府河,2020-07-07 08,4.40,0.180,0.134,168.5,6.07,7.53,--,III,Ⅴ,-,2020-07-07 11:05:02
黄龙溪,府河,2020-07-07 12,3.60,0.090,0.126,94.9,5.94,7.53,--,III,Ⅴ,-,2020-07-07 15:05:02
黄龙溪,府河,2020-07-07 16,3.30,0.040,0.117,64.4,6.13,7.51,--,III,Ⅴ,-,2020-07-07 19:05:03
黄龙溪,府河,2020-07-07 20,3.30,0.050,0.112,61.3,5.77,7.50,--,III,Ⅴ,-,2020-07-07 23:05:02
黄龙溪,府河,2020-07-08 00,3.20,NA,0.111,62.9,6.20,7.53,--,III,Ⅴ,-,2020-07-08 03:05:03
黄龙溪,府河,2020-07-08 04,3.30,0.190,0.113,70.5,5.94,7.51,--,III,Ⅴ,-,2020-07-08 07:05:03
黄龙溪,府河,2020-07-08 08,4.10,0.200,0.121,90.0,5.68,7.45,--,III,Ⅴ,-,2020-07-08 11:05:02
黄龙溪,府河,2020-07-08 12,3.60,0.260,0.107,73.9,5.58,7.45,--,III,Ⅴ,-,2020-07-08 15:05:02
黄龙溪,府河,2020-07-08 16,3.60,0.280,0.117,56.8,5.67,7.43,--,III,Ⅴ,-,2020-07-08 19:05:02
黄龙溪,府河,2020-07-08 20,3.60,0.390,0.119,52.8,5.33,7.42,--,III,Ⅴ,-,2020-07-08 23:05:03
黄龙溪,府河,2020-07-09 00,3.40,0.150,0.113,51.0,5.84,7.47,--,III,Ⅴ,-,2020-07-09 03:05:02
黄龙溪,府河,2020-07-09 04,3.40,0.090,0.109,69.6,6.06,7.53,--,III,Ⅴ,-,2020-07-09 07:05:03
黄龙溪,府河,2020-07-09 08,4.50,0.170,0.121,122.7,5.85,7.47,--,III,Ⅴ,-,2020-07-09 11:05:03
黄龙溪,府河,2020-07-09 12,4.00,0.200,0.118,95.2,5.72,7.46,--,III,Ⅴ,-,2020-07-09 15:05:02
黄龙溪,府河,2020-07-09 16,4.40,0.260,0.122,89.7,5.55,7.41,--,III,Ⅴ,-,2020-07-09 19:05:02
黄龙溪,府河,2020-07-09 20,4.50,0.380,0.125,88.8,4.72,7.37,--,IV,Ⅴ,溶解氧,2020-07-09 23:05:03
黄龙溪,府河,2020-07-10 00,10.20,0.130,NA,245.4,5.84,7.50,--,V,Ⅴ,高锰酸盐指数,2020-07-10 03:05:02
黄龙溪,府河,2020-07-10 04,5.20,0.280,0.138,102.8,5.12,7.40,--,III,Ⅴ,-,2020-07-10 07:05:02
黄龙溪,府河,2020-07-10 08,5.10,0.160,0.145,141.3,5.65,7.45,--,III,Ⅴ,-,2020-07-10 11:05:03
黄龙溪,府河,2020-07-10 12,4.00,0.210,0.138,86.7,5.52,7.46,--,III,Ⅴ,-,2020-07-10 15:05:03
黄龙溪,府河,2020-07-10 16,3.70,0.180,0.123,68.7,5.94,7.46,--,III,Ⅴ,-,2020-07-10 19:05:03
黄龙溪,府河,2020-07-10 20,3.60,0.200,0.117,61.6,5.85,7.46,--,III,Ⅴ,-,2020-07-10 23:05:01
黄龙溪,府河,2020-07-11 00,3.50,0.140,0.113,56.2,6.17,7.49,--,III,Ⅴ,-,2020-07-11 03:05:02
黄龙溪,府河,2020-07-11 04,3.20,0.070,0.102,58.0,6.39,7.53,--,III,Ⅴ,-,2020-07-11 07:05:02
黄龙溪,府河,2020-07-11 08,4.20,0.070,0.125,161.4,6.54,7.55,--,III,Ⅴ,-,2020-07-11 11:05:03
黄龙溪,府河,2020-07-11 12,3.60,0.110,0.110,83.3,6.41,7.51,--,III,Ⅴ,-,2020-07-11 15:05:02
黄龙溪,府河,2020-07-11 16,3.60,0.090,0.110,70.2,6.45,7.51,--,III,Ⅴ,-,2020-07-11 19:05:03
黄龙溪,府河,2020-07-11 20,3.60,0.110,0.197,62.9,6.29,7.52,--,III,Ⅴ,-,2020-07-11 23:05:01
黄龙溪,府河,2020-07-12 00,3.80,0.110,0.130,53.4,6.34,7.52,--,III,Ⅴ,-,2020-07-12 03:05:02
黄龙溪,府河,2020-07-12 04,3.30,0.090,0.121,53.1,6.30,7.57,--,III,Ⅴ,-,2020-07-12 07:05:02
黄龙溪,府河,2020-07-12 08,3.50,0.060,0.119,95.2,6.64,7.59,--,III,Ⅴ,-,2020-07-12 11:05:02
黄龙溪,府河,2020-07-12 12,3.40,0.100,0.120,100.7,6.45,7.59,--,III,Ⅴ,-,2020-07-12 15:05:02
黄龙溪,府河,2020-07-12 16,3.40,0.040,0.106,55.2,6.60,7.59,--,III,Ⅴ,-,2020-07-12 19:05:03
黄龙溪,府河,2020-07-12 20,3.20,0.060,0.106,44.6,6.31,7.58,--,III,Ⅴ,-,2020-07-12 23:05:01
黄龙溪,府河,2020-07-13 00,3.30,0.050,0.103,43.3,6.26,7.58,--,III,Ⅴ,-,2020-07-13 03:05:02
黄龙溪,府河,2020-07-13 04,3.10,0.080,0.108,43.3,6.16,7.61,--,III,Ⅴ,-,2020-07-13 07:05:03
黄龙溪,府河,2020-07-13 08,4.00,0.110,0.124,124.5,6.34,7.58,--,III,Ⅴ,-,2020-07-13 11:05:02
黄龙溪,府河,2020-07-13 12,3.00,0.100,0.115,96.7,6.38,7.58,--,III,Ⅴ,-,2020-07-13 15:05:02
黄龙溪,府河,2020-07-13 16,3.20,0.090,0.108,59.2,6.41,7.56,--,III,Ⅴ,-,2020-07-13 19:05:03
黄龙溪,府河,2020-07-13 20,3.20,0.140,0.110,56.2,6.02,7.55,--,III,Ⅴ,-,2020-07-13 23:05:02
黄龙溪,府河,2020-07-14 00,3.00,0.090,0.107,55.2,6.40,7.58,--,III,Ⅴ,-,2020-07-14 03:05:02
黄龙溪,府河,2020-07-14 04,3.10,0.080,0.104,54.6,6.41,7.58,--,III,Ⅴ,-,2020-07-14 07:05:03
黄龙溪,府河,2020-07-14 08,3.60,0.070,0.113,146.2,6.67,7.61,--,III,Ⅴ,-,2020-07-14 11:05:02
黄龙溪,府河,2020-07-14 12,3.20,0.070,0.106,75.1,6.45,7.58,--,III,Ⅴ,-,2020-07-14 15:05:03
黄龙溪,府河,2020-07-14 16,3.30,0.080,0.109,64.4,6.31,7.54,--,III,Ⅴ,-,2020-07-14 19:05:02
黄龙溪,府河,2020-07-14 20,3.10,0.070,0.106,52.5,6.23,7.54,--,III,Ⅴ,-,2020-07-14 23:05:02
黄龙溪,府河,2020-07-15 00,2.80,0.030,0.102,52.5,6.44,7.57,--,III,Ⅴ,-,2020-07-15 03:05:03
黄龙溪,府河,2020-07-15 04,3.20,0.070,0.107,57.7,6.20,7.57,--,III,Ⅴ,-,2020-07-15 07:05:03
黄龙溪,府河,2020-07-15 08,3.60,0.140,0.120,103.5,6.12,7.52,--,III,Ⅴ,-,2020-07-15 11:05:02
黄龙溪,府河,2020-07-15 12,3.80,0.140,0.127,69.9,6.20,7.52,--,III,Ⅴ,-,2020-07-15 15:05:02
黄龙溪,府河,2020-07-15 16,4.40,0.190,0.147,58.3,6.34,7.51,--,III,Ⅴ,-,2020-07-15 19:05:03
黄龙溪,府河,2020-07-15 20,3.60,0.130,0.119,50.0,5.96,7.55,--,III,Ⅴ,-,2020-07-15 23:05:02
黄龙溪,府河,2020-07-16 00,3.20,0.070,0.102,44.9,6.20,7.58,--,III,Ⅴ,-,2020-07-16 03:05:02
黄龙溪,府河,2020-07-16 04,3.70,0.090,0.107,50.0,6.07,7.62,--,III,Ⅴ,-,2020-07-16 07:05:02
黄龙溪,府河,2020-07-16 08,4.50,0.050,0.118,127.0,6.53,7.65,--,III,Ⅴ,-,2020-07-16 11:05:02
黄龙溪,府河,2020-07-16 12,3.90,0.080,0.104,79.0,6.41,7.65,--,III,Ⅴ,-,2020-07-16 15:05:02
黄龙溪,府河,2020-07-16 16,3.70,0.040,NA,647.3,7.32,7.72,--,II,Ⅴ,-,2020-07-16 19:05:03
黄龙溪,府河,2020-07-16 20,4.70,0.170,0.102,90.9,5.97,7.58,--,III,Ⅴ,-,2020-07-16 23:05:03
黄龙溪,府河,2020-07-17 00,4.90,0.340,0.109,78.1,5.75,7.51,--,III,Ⅴ,-,2020-07-17 03:05:03
黄龙溪,府河,2020-07-17 04,7.50,0.380,0.161,191.7,5.41,7.48,--,IV,Ⅴ,高锰酸盐指数,2020-07-17 07:05:02
黄龙溪,府河,2020-07-17 08,9.30,0.850,0.177,179.4,5.10,7.43,--,IV,Ⅴ,高锰酸盐指数,2020-07-17 11:05:02
黄龙溪,府河,2020-07-17 12,9.10,1.090,0.176,119.6,4.51,7.37,--,IV,Ⅴ,"氨氮,高锰酸盐指数,溶解氧",2020-07-17 15:05:02
黄龙溪,府河,2020-07-17 16,7.10,0.830,0.147,80.6,5.01,7.37,--,IV,Ⅴ,高锰酸盐指数,2020-07-17 19:05:03
黄龙溪,府河,2020-07-17 20,5.60,NA,0.156,68.1,4.90,7.38,--,IV,Ⅴ,溶解氧,2020-07-17 23:05:03
黄龙溪,府河,2020-07-18 00,5.10,0.520,0.145,53.7,5.02,7.36,--,III,Ⅴ,-,2020-07-18 03:05:02
黄龙溪,府河,2020-07-18 04,4.60,0.340,0.139,48.8,5.18,7.39,--,III,Ⅴ,-,2020-07-18 07:05:03
黄龙溪,府河,2020-07-18 08,5.20,0.330,0.152,108.6,5.28,7.42,--,III,Ⅴ,-,2020-07-18 11:05:02
黄龙溪,府河,2020-07-18 12,4.10,0.370,0.022,58.9,5.37,7.43,--,III,Ⅴ,-,2020-07-18 15:05:02
黄龙溪,府河,2020-07-18 16,4.30,1.940,0.158,52.8,5.61,7.42,--,V,Ⅴ,氨氮,2020-07-18 19:05:03
黄龙溪,府河,2020-07-18 20,3.80,0.240,0.132,58.0,5.56,7.44,--,III,Ⅴ,-,2020-07-18 23:05:03
黄龙溪,府河,2020-07-19 00,3.80,0.150,0.136,60.4,5.94,7.46,--,III,Ⅴ,-,2020-07-19 03:05:02
黄龙溪,府河,2020-07-19 04,3.50,0.330,0.138,61.6,5.96,7.48,--,III,Ⅴ,-,2020-07-19 07:05:03
黄龙溪,府河,2020-07-19 08,5.20,0.310,0.141,142.8,5.68,7.42,--,III,Ⅴ,-,2020-07-19 11:05:03
黄龙溪,府河,2020-07-19 12,3.80,0.240,0.137,89.4,5.62,7.41,--,III,Ⅴ,-,2020-07-19 15:05:03
黄龙溪,府河,2020-07-19 16,4.50,0.260,0.138,104.1,6.35,7.61,--,III,Ⅴ,-,2020-07-19 19:05:03
黄龙溪,府河,2020-07-19 20,4.00,0.130,0.043,100.4,6.18,7.65,--,II,Ⅴ,-,2020-07-19 23:05:02
黄龙溪,府河,2020-07-20 00,3.90,0.060,0.117,109.9,6.50,7.69,--,III,Ⅴ,-,2020-07-20 03:05:03
黄龙溪,府河,2020-07-20 04,4.60,0.120,0.108,113.2,6.39,7.71,--,III,Ⅴ,-,2020-07-20 07:05:02
黄龙溪,府河,2020-07-20 08,5.70,0.120,0.121,170.6,6.50,7.71,--,III,Ⅴ,-,2020-07-20 11:05:02
黄龙溪,府河,2020-07-20 12,4.60,0.140,0.123,124.5,6.38,7.68,--,III,Ⅴ,-,2020-07-20 15:05:02
黄龙溪,府河,2020-07-20 16,4.60,0.130,0.119,106.8,6.41,7.67,--,III,Ⅴ,-,2020-07-20 19:05:02
黄龙溪,府河,2020-07-20 20,4.90,0.140,0.118,128.5,6.23,7.65,--,III,Ⅴ,-,2020-07-20 23:05:02
黄龙溪,府河,2020-07-21 00,5.10,0.090,0.117,113.2,6.56,7.68,--,III,Ⅴ,-,2020-07-21 03:05:03
黄龙溪,府河,2020-07-21 04,4.60,0.110,0.116,107.7,6.57,7.69,--,III,Ⅴ,-,2020-07-21 07:05:03
黄龙溪,府河,2020-07-21 08,5.30,0.120,0.132,190.4,6.78,7.66,--,III,Ⅴ,-,2020-07-21 11:05:03
黄龙溪,府河,2020-07-21 12,4.90,0.080,0.121,115.1,6.76,7.63,--,III,Ⅴ,-,2020-07-21 15:05:02
黄龙溪,府河,2020-07-21 16,3.90,0.070,0.116,97.0,6.76,7.58,--,III,Ⅴ,-,2020-07-21 19:05:02
黄龙溪,府河,2020-07-21 20,4.00,0.090,0.116,96.1,6.52,7.55,--,III,Ⅴ,-,2020-07-21 23:05:02
黄龙溪,府河,2020-07-22 00,4.50,0.150,0.128,92.2,6.34,7.47,--,III,Ⅴ,-,2020-07-22 03:05:02
黄龙溪,府河,2020-07-22 04,3.80,0.230,0.120,92.2,6.14,7.49,--,III,Ⅴ,-,2020-07-22 07:05:03
黄龙溪,府河,2020-07-22 08,3.80,0.220,0.125,103.8,6.56,7.47,--,III,Ⅴ,-,2020-07-22 11:05:02
黄龙溪,府河,2020-07-22 12,3.70,0.280,0.123,95.5,6.36,7.48,--,III,Ⅴ,-,2020-07-22 15:05:03
黄龙溪,府河,2020-07-22 16,3.50,0.270,0.124,68.7,6.55,7.45,--,III,Ⅴ,-,2020-07-22 19:05:02
黄龙溪,府河,2020-07-22 20,3.50,0.260,0.069,79.0,6.33,7.45,--,II,Ⅴ,-,2020-07-22 23:05:02
黄龙溪,府河,2020-07-23 00,3.30,0.220,0.059,72.6,6.58,7.45,--,II,Ⅴ,-,2020-07-23 03:05:02
黄龙溪,府河,2020-07-23 04,3.50,0.130,0.061,67.8,6.71,7.46,--,II,Ⅴ,-,2020-07-23 07:05:02
黄龙溪,府河,2020-07-23 08,4.40,0.110,0.065,155.6,6.81,7.47,--,III,Ⅴ,-,2020-07-23 11:05:03
黄龙溪,府河,2020-07-23 12,3.40,0.140,0.081,84.2,6.61,7.45,--,II,Ⅴ,-,2020-07-23 15:05:03
黄龙溪,府河,2020-07-23 16,3.20,0.150,0.081,67.1,6.71,7.42,--,II,Ⅴ,-,2020-07-23 19:05:03
黄龙溪,府河,2020-07-23 20,3.40,0.190,0.103,74.2,6.34,7.41,--,III,Ⅴ,-,2020-07-23 23:05:02
黄龙溪,府河,2020-07-24 00,3.20,0.150,0.104,62.0,6.65,7.41,--,III,Ⅴ,-,2020-07-24 03:05:02
黄龙溪,府河,2020-07-24 04,3.00,0.100,0.104,61.0,6.72,7.44,--,III,Ⅴ,-,2020-07-24 07:05:02
黄龙溪,府河,2020-07-24 08,3.80,0.090,0.109,128.8,6.81,7.44,--,III,Ⅴ,-,2020-07-24 11:05:03
黄龙溪,府河,2020-07-24 12,3.20,0.160,0.107,76.9,6.57,7.40,--,III,Ⅴ,-,2020-07-24 15:05:03
黄龙溪,府河,2020-07-24 16,3.10,0.170,0.106,65.9,6.50,7.37,--,III,Ⅴ,-,2020-07-24 19:05:03
黄龙溪,府河,2020-07-24 20,3.20,0.180,0.112,60.7,6.24,7.40,--,III,Ⅴ,-,2020-07-24 23:05:02
黄龙溪,府河,2020-07-25 00,8.30,0.060,NA,284.1,6.79,7.41,--,IV,Ⅴ,高锰酸盐指数,2020-07-25 03:05:03
黄龙溪,府河,2020-07-25 04,4.10,0.120,0.106,94.9,6.79,7.44,--,III,Ⅴ,-,2020-07-25 07:05:02
黄龙溪,府河,2020-07-25 08,4.30,0.150,0.105,156.6,6.67,7.41,--,III,Ⅴ,-,2020-07-25 11:05:02
黄龙溪,府河,2020-07-25 12,3.80,0.170,0.100,106.8,6.76,7.39,--,II,Ⅴ,-,2020-07-25 15:05:03
黄龙溪,府河,2020-07-25 16,3.30,0.180,0.099,70.8,6.52,7.37,--,II,Ⅴ,-,2020-07-25 19:05:03
黄龙溪,府河,2020-07-25 20,3.10,0.170,0.095,77.2,6.25,7.37,--,II,Ⅴ,-,2020-07-25 23:05:02
黄龙溪,府河,2020-07-26 00,3.30,0.100,0.106,72.3,6.95,7.41,--,III,Ⅴ,-,2020-07-26 03:05:02
黄龙溪,府河,2020-07-26 04,3.30,0.080,0.125,71.7,6.98,7.42,--,III,Ⅴ,-,2020-07-26 07:05:03
黄龙溪,府河,2020-07-26 08,4.00,0.110,0.126,137.9,6.93,7.38,--,III,Ⅴ,-,2020-07-26 11:05:03
黄龙溪,府河,2020-07-26 12,3.60,0.150,0.122,90.9,6.68,7.54,--,III,Ⅴ,-,2020-07-26 15:05:03
黄龙溪,府河,2020-07-26 16,3.10,0.190,0.117,62.3,6.55,7.55,--,III,Ⅴ,-,2020-07-26 19:05:02
黄龙溪,府河,2020-07-26 20,3.10,0.130,0.109,52.8,6.14,7.57,--,III,Ⅴ,-,2020-07-26 23:05:02
黄龙溪,府河,2020-07-27 00,2.70,0.080,0.107,53.4,6.58,7.62,--,III,Ⅴ,-,2020-07-27 03:05:02
黄龙溪,府河,2020-07-27 04,2.80,0.090,0.110,53.7,6.56,7.66,--,III,Ⅴ,-,2020-07-27 07:05:03
黄龙溪,府河,2020-07-27 08,3.60,0.090,0.105,153.2,6.59,7.64,--,III,Ⅴ,-,2020-07-27 11:05:04
黄龙溪,府河,2020-07-27 12,3.60,0.150,0.121,83.6,6.28,7.57,--,III,Ⅴ,-,2020-07-27 15:05:03
黄龙溪,府河,2020-07-27 16,4.40,0.120,0.129,138.9,6.27,7.56,--,III,Ⅴ,-,2020-07-27 19:05:02
黄龙溪,府河,2020-07-27 20,6.30,0.100,0.148,195.6,6.03,7.58,--,IV,Ⅴ,高锰酸盐指数,2020-07-27 23:05:02
黄龙溪,府河,2020-07-28 00,7.00,0.040,NA,214.8,6.70,7.62,--,IV,Ⅴ,高锰酸盐指数,2020-07-28 03:05:02
黄龙溪,府河,2020-07-28 04,7.70,0.060,NA,245.7,6.52,7.62,--,IV,Ⅴ,高锰酸盐指数,2020-07-28 07:05:03
黄龙溪,府河,2020-07-28 08,8.90,0.080,NA,320.4,6.68,7.59,--,IV,Ⅴ,高锰酸盐指数,2020-07-28 11:05:02
黄龙溪,府河,2020-07-28 12,9.00,0.120,NA,330.5,6.45,7.55,--,IV,Ⅴ,高锰酸盐指数,2020-07-28 15:05:02
黄龙溪,府河,2020-07-28 16,8.30,0.140,NA,315.3,6.40,7.52,--,IV,Ⅴ,高锰酸盐指数,2020-07-28 19:05:02
黄龙溪,府河,2020-07-28 20,9.10,0.140,NA,266.1,6.23,7.54,--,IV,Ⅴ,高锰酸盐指数,2020-07-28 23:05:02
黄龙溪,府河,2020-07-29 00,9.20,0.070,NA,332.3,6.70,7.56,--,IV,Ⅴ,高锰酸盐指数,2020-07-29 03:05:02
黄龙溪,府河,2020-07-29 04,NA,0.140,NA,337.8,6.17,7.51,--,II,Ⅴ,-,2020-07-29 07:05:03
黄龙溪,府河,2020-07-29 08,NA,0.280,NA,394.0,6.10,7.47,--,II,Ⅴ,-,2020-07-29 11:05:03
黄龙溪,府河,2020-07-29 08,NA,0.280,NA,394.0,6.10,7.47,--,II,Ⅴ,-,2020-07-29 15:05:02
黄龙溪,府河,2020-07-29 16,9.60,0.390,NA,278.9,5.42,7.39,--,IV,Ⅴ,高锰酸盐指数,2020-07-29 19:05:03
黄龙溪,府河,2020-07-29 20,6.50,0.660,NA,297.6,5.12,7.36,--,IV,Ⅴ,高锰酸盐指数,2020-07-29 23:05:02
黄龙溪,府河,2020-07-30 00,6.50,0.550,NA,288.7,5.15,7.42,--,IV,Ⅴ,高锰酸盐指数,2020-07-30 03:05:02
黄龙溪,府河,2020-07-30 04,6.50,0.420,NA,529.8,5.50,7.31,--,IV,Ⅴ,高锰酸盐指数,2020-07-30 07:05:02
黄龙溪,府河,2020-07-30 08,6.50,0.320,NA,401.3,5.71,7.31,--,IV,Ⅴ,高锰酸盐指数,2020-07-30 11:05:02
黄龙溪,府河,2020-07-30 12,NA,1.820,NA,275.6,5.76,7.28,--,V,Ⅴ,氨氮,2020-07-30 15:05:02
黄龙溪,府河,2020-07-30 16,NA,1.260,NA,322.9,5.33,7.23,--,IV,Ⅴ,氨氮,2020-07-30 19:05:03
黄龙溪,府河,2020-07-30 20,NA,0.070,NA,236.2,5.51,7.21,--,III,Ⅴ,-,2020-07-30 23:05:02
黄龙溪,府河,2020-07-31 00,NA,0.040,NA,205.4,5.56,7.23,--,III,Ⅴ,-,2020-07-31 03:05:02
黄龙溪,府河,2020-07-31 04,NA,0.110,NA,172.4,5.78,7.22,--,III,Ⅴ,-,2020-07-31 07:05:02
黄龙溪,府河,2020-07-31 08,NA,0.080,NA,190.4,5.71,7.22,--,III,Ⅴ,-,2020-07-31 11:05:02
黄龙溪,府河,2020-07-31 12,NA,0.070,NA,136.7,5.85,7.22,--,III,Ⅴ,-,2020-07-31 15:05:03
黄龙溪,府河,2020-07-31 16,NA,0.640,0.298,129.1,5.71,7.21,--,IV,Ⅴ,总磷,2020-07-31 19:05:03
黄龙溪,府河,2020-07-31 20,5.40,0.450,0.137,112.6,5.72,7.21,--,III,Ⅴ,-,2020-07-31 23:05:02
黄龙溪,府河,2020-08-01 00,4.90,1.570,0.182,112.9,5.80,7.26,--,V,Ⅴ,氨氮,2020-08-01 03:05:02
黄龙溪,府河,2020-08-01 04,4.50,0.420,0.153,92.8,5.88,7.25,--,III,Ⅴ,-,2020-08-01 07:05:02
黄龙溪,府河,2020-08-01 08,4.80,0.630,0.164,148.3,5.50,7.25,--,III,Ⅴ,-,2020-08-01 11:05:02
黄龙溪,府河,2020-08-01 12,4.10,0.510,0.139,111.1,5.74,7.25,--,III,Ⅴ,-,2020-08-01 15:05:02
黄龙溪,府河,2020-08-01 16,4.10,0.560,0.138,99.8,5.44,7.26,--,III,Ⅴ,-,2020-08-01 19:05:03
黄龙溪,府河,2020-08-01 20,3.70,0.490,0.120,83.0,5.86,7.26,--,III,Ⅴ,-,2020-08-01 23:05:02
黄龙溪,府河,2020-08-02 00,3.50,0.340,0.116,81.5,5.91,7.30,--,III,Ⅴ,-,2020-08-02 03:05:02
黄龙溪,府河,2020-08-02 04,3.40,0.210,0.106,69.0,6.18,7.32,--,III,Ⅴ,-,2020-08-02 07:05:02
黄龙溪,府河,2020-08-02 08,3.80,0.270,0.115,110.2,5.81,7.33,--,III,Ⅴ,-,2020-08-02 11:05:03
黄龙溪,府河,2020-08-02 12,3.40,0.290,0.114,87.6,6.02,7.31,--,III,Ⅴ,-,2020-08-02 15:05:02
黄龙溪,府河,2020-08-02 16,3.40,0.290,0.110,80.0,5.89,7.33,--,III,Ⅴ,-,2020-08-02 19:05:03
黄龙溪,府河,2020-08-02 20,3.20,0.260,0.103,74.2,6.02,7.32,--,III,Ⅴ,-,2020-08-02 23:05:02
黄龙溪,府河,2020-08-03 00,3.30,0.190,0.099,72.0,6.12,7.38,--,II,Ⅴ,-,2020-08-03 03:05:03
黄龙溪,府河,2020-08-03 04,3.00,0.130,0.099,71.7,6.31,7.37,--,II,Ⅴ,-,2020-08-03 07:05:02
黄龙溪,府河,2020-08-03 08,3.30,0.200,0.110,116.6,5.82,7.36,--,III,Ⅴ,-,2020-08-03 11:05:02
黄龙溪,府河,2020-08-03 12,3.20,0.240,0.105,82.1,6.06,7.31,--,III,Ⅴ,-,2020-08-03 15:05:03
黄龙溪,府河,2020-08-03 16,3.30,0.240,0.109,79.0,5.63,7.33,--,III,Ⅴ,-,2020-08-03 19:05:02
黄龙溪,府河,2020-08-03 20,3.30,0.270,0.105,69.0,5.43,7.30,--,III,Ⅴ,-,2020-08-03 23:05:02
黄龙溪,府河,2020-08-04 00,3.30,0.220,0.100,71.4,5.56,7.34,--,III,Ⅴ,-,2020-08-04 03:05:02
黄龙溪,府河,2020-08-04 04,3.30,0.100,0.097,63.5,6.08,7.36,--,II,Ⅴ,-,2020-08-04 07:05:03
黄龙溪,府河,2020-08-04 08,3.50,0.200,0.114,79.0,5.33,7.36,--,III,Ⅴ,-,2020-08-04 11:05:03
黄龙溪,府河,2020-08-04 12,4.80,0.220,0.145,115.1,5.96,7.36,--,III,Ⅴ,-,2020-08-04 15:05:02
黄龙溪,府河,2020-08-04 16,6.00,0.510,0.122,164.5,5.30,7.32,--,III,Ⅴ,-,2020-08-04 19:05:02
黄龙溪,府河,2020-08-04 20,9.00,0.320,NA,245.7,6.00,7.35,--,IV,Ⅴ,高锰酸盐指数,2020-08-04 23:05:02
黄龙溪,府河,2020-08-05 00,5.20,0.240,0.119,108.9,5.47,7.37,--,III,Ⅴ,-,2020-08-05 03:05:02
黄龙溪,府河,2020-08-05 04,4.20,0.150,0.105,88.8,6.00,7.36,--,III,Ⅴ,-,2020-08-05 07:05:02
黄龙溪,府河,2020-08-05 08,4.30,0.220,0.113,137.3,5.41,7.37,--,III,Ⅴ,-,2020-08-05 11:05:02
黄龙溪,府河,2020-08-05 12,3.70,0.270,0.110,83.6,5.44,7.35,--,III,Ⅴ,-,2020-08-05 15:05:02
黄龙溪,府河,2020-08-05 16,3.70,0.280,NA,450.1,6.70,7.65,--,II,Ⅴ,-,2020-08-05 19:05:03
黄龙溪,府河,2020-08-05 20,4.00,0.290,NA,302.4,7.66,7.60,--,II,Ⅴ,-,2020-08-05 23:05:02
黄龙溪,府河,2020-08-06 00,4.00,0.090,NA,423.3,7.71,7.67,--,II,Ⅴ,-,2020-08-06 03:05:02
黄龙溪,府河,2020-08-06 04,3.80,0.100,NA,372.9,7.67,7.61,--,II,Ⅴ,-,2020-08-06 07:05:02
黄龙溪,府河,2020-08-06 08,4.60,0.060,NA,358.6,7.74,7.67,--,III,Ⅴ,-,2020-08-06 11:05:02
黄龙溪,府河,2020-08-06 12,4.90,0.070,0.103,128.8,6.18,7.41,--,III,Ⅴ,-,2020-08-06 15:05:02
黄龙溪,府河,2020-08-06 16,5.50,0.070,0.111,140.7,5.85,7.41,--,III,Ⅴ,-,2020-08-06 19:05:03
黄龙溪,府河,2020-08-06 20,5.40,0.080,0.124,140.7,5.80,7.40,--,III,Ⅴ,-,2020-08-06 23:05:01
黄龙溪,府河,2020-08-07 00,5.60,0.070,0.127,126.7,5.69,7.44,--,III,Ⅴ,-,2020-08-07 03:05:02
黄龙溪,府河,2020-08-07 04,7.80,0.160,NA,221.9,6.22,7.42,--,IV,Ⅴ,高锰酸盐指数,2020-08-07 07:05:02
黄龙溪,府河,2020-08-07 08,5.90,0.140,NA,227.4,6.07,7.44,--,III,Ⅴ,-,2020-08-07 11:05:03
黄龙溪,府河,2020-08-07 12,5.90,0.310,NA,204.2,5.59,7.33,--,III,Ⅴ,-,2020-08-07 15:05:02
黄龙溪,府河,2020-08-07 16,9.10,0.450,NA,258.2,5.17,7.46,--,IV,Ⅴ,高锰酸盐指数,2020-08-07 19:05:03
黄龙溪,府河,2020-08-07 20,8.20,NA,NA,245.4,4.12,7.38,--,IV,Ⅴ,"高锰酸盐指数,溶解氧",2020-08-07 23:05:02
黄龙溪,府河,2020-08-08 00,9.10,0.440,NA,229.5,4.93,7.36,--,IV,Ⅴ,"高锰酸盐指数,溶解氧",2020-08-08 03:05:02
黄龙溪,府河,2020-08-08 04,8.50,0.430,0.149,181.3,5.13,7.37,--,IV,Ⅴ,高锰酸盐指数,2020-08-08 07:05:02
黄龙溪,府河,2020-08-08 08,7.30,0.430,0.168,193.2,5.23,7.40,--,IV,Ⅴ,高锰酸盐指数,2020-08-08 11:05:02
黄龙溪,府河,2020-08-08 12,6.50,0.380,0.163,125.1,5.20,7.39,--,IV,Ⅴ,高锰酸盐指数,2020-08-08 15:05:02
黄龙溪,府河,2020-08-08 16,5.80,0.300,0.156,102.8,5.33,7.43,--,III,Ⅴ,-,2020-08-08 19:05:03
黄龙溪,府河,2020-08-08 20,5.00,0.220,0.130,88.2,5.35,7.46,--,III,Ⅴ,-,2020-08-08 23:05:01
黄龙溪,府河,2020-08-09 00,4.70,0.160,0.133,74.5,5.84,7.52,--,III,Ⅴ,-,2020-08-09 03:05:03
黄龙溪,府河,2020-08-09 04,4.20,0.120,0.125,75.7,5.90,7.57,--,III,Ⅴ,-,2020-08-09 07:05:02
黄龙溪,府河,2020-08-09 08,4.40,0.120,0.126,102.2,6.05,7.55,--,III,Ⅴ,-,2020-08-09 11:05:02
黄龙溪,府河,2020-08-09 12,4.20,0.190,0.123,79.7,5.54,7.54,--,III,Ⅴ,-,2020-08-09 15:05:02
黄龙溪,府河,2020-08-09 16,4.10,0.150,0.121,67.8,6.02,7.58,--,III,Ⅴ,-,2020-08-09 19:05:02
黄龙溪,府河,2020-08-09 20,4.00,0.210,0.119,57.4,5.60,7.56,--,III,Ⅴ,-,2020-08-09 23:05:01
黄龙溪,府河,2020-08-10 00,3.90,0.160,0.119,53.7,5.73,7.57,--,III,Ⅴ,-,2020-08-10 03:05:03
黄龙溪,府河,2020-08-10 04,3.70,0.110,0.109,61.6,5.86,7.60,--,III,Ⅴ,-,2020-08-10 07:05:02
黄龙溪,府河,2020-08-10 08,4.80,0.120,0.125,162.4,5.95,7.59,--,III,Ⅴ,-,2020-08-10 11:05:02
黄龙溪,府河,2020-08-10 12,4.10,0.180,0.113,78.4,5.49,7.54,--,III,Ⅴ,-,2020-08-10 15:05:03
黄龙溪,府河,2020-08-10 16,3.60,0.180,0.112,61.0,5.74,7.55,--,III,Ⅴ,-,2020-08-10 19:05:02
黄龙溪,府河,2020-08-10 20,3.80,0.190,0.108,59.8,5.53,7.53,--,III,Ⅴ,-,2020-08-10 23:05:02
黄龙溪,府河,2020-08-11 00,3.70,0.110,0.108,58.0,5.84,7.59,--,III,Ⅴ,-,2020-08-11 03:05:02
黄龙溪,府河,2020-08-11 04,3.50,0.140,0.098,65.3,6.15,7.63,--,II,Ⅴ,-,2020-08-11 07:05:03
黄龙溪,府河,2020-08-11 08,4.10,0.120,0.108,119.0,5.95,7.60,--,III,Ⅴ,-,2020-08-11 11:05:02
黄龙溪,府河,2020-08-11 12,4.60,0.210,0.114,83.9,5.43,7.53,--,III,Ⅴ,-,2020-08-11 15:05:02
黄龙溪,府河,2020-08-11 16,8.00,0.290,NA,244.4,5.36,7.53,--,IV,Ⅴ,高锰酸盐指数,2020-08-11 19:05:03
黄龙溪,府河,2020-08-11 20,8.70,0.500,NA,212.7,4.74,7.46,--,IV,Ⅴ,"高锰酸盐指数,溶解氧",2020-08-11 23:05:02
黄龙溪,府河,2020-08-12 00,8.70,1.210,NA,945.8,2.70,7.56,--,V,Ⅴ,"氨氮,高锰酸盐指数,溶解氧",2020-08-12 03:05:02
黄龙溪,府河,2020-08-12 04,8.70,0.790,NA,1341.3,4.24,7.58,--,IV,Ⅴ,"高锰酸盐指数,溶解氧",2020-08-12 07:05:03
黄龙溪,府河,2020-08-12 08,8.70,0.470,NA,1556.7,4.75,7.59,--,IV,Ⅴ,"高锰酸盐指数,溶解氧",2020-08-12 11:05:03
黄龙溪,府河,2020-08-12 12,8.70,0.610,NA,1233.5,5.32,7.52,--,IV,Ⅴ,高锰酸盐指数,2020-08-12 15:05:02
黄龙溪,府河,2020-08-12 16,8.70,0.520,NA,1066.3,5.75,7.51,--,IV,Ⅴ,高锰酸盐指数,2020-08-12 19:05:03
黄龙溪,府河,2020-08-12 20,8.80,0.410,NA,901.8,6.10,7.49,--,IV,Ⅴ,高锰酸盐指数,2020-08-12 23:05:02
黄龙溪,府河,2020-08-13 00,8.70,0.420,NA,450.1,6.04,7.49,--,IV,Ⅴ,高锰酸盐指数,2020-08-13 03:05:02
黄龙溪,府河,2020-08-13 04,8.70,0.430,NA,439.8,6.24,7.48,--,IV,Ⅴ,高锰酸盐指数,2020-08-13 07:05:02
黄龙溪,府河,2020-08-13 08,8.70,0.480,NA,331.7,6.28,7.51,--,IV,Ⅴ,高锰酸盐指数,2020-08-13 11:05:02
黄龙溪,府河,2020-08-13 12,8.70,0.470,NA,380.6,6.47,7.50,--,IV,Ⅴ,高锰酸盐指数,2020-08-13 15:05:03
黄龙溪,府河,2020-08-13 16,8.70,0.520,NA,325.9,6.60,7.51,--,IV,Ⅴ,高锰酸盐指数,2020-08-13 19:05:02
黄龙溪,府河,2020-08-13 20,10.20,0.410,NA,281.7,6.43,7.65,--,V,Ⅴ,高锰酸盐指数,2020-08-13 23:05:02
黄龙溪,府河,2020-08-14 00,7.80,0.310,0.178,199.0,6.57,7.66,--,IV,Ⅴ,高锰酸盐指数,2020-08-14 03:05:02
黄龙溪,府河,2020-08-14 04,7.10,0.530,0.172,192.3,6.28,7.66,--,IV,Ⅴ,高锰酸盐指数,2020-08-14 07:05:02
黄龙溪,府河,2020-08-14 08,5.90,0.620,0.177,187.7,6.38,7.65,--,III,Ⅴ,-,2020-08-14 11:05:03
黄龙溪,府河,2020-08-14 12,5.40,0.610,0.167,142.2,6.28,7.64,--,III,Ⅴ,-,2020-08-14 15:05:02
黄龙溪,府河,2020-08-14 16,5.00,NA,0.451,126.3,6.27,7.63,--,劣V,Ⅴ,总磷,2020-08-14 19:05:03
黄龙溪,府河,2020-08-14 20,5.00,0.430,0.127,117.8,6.34,7.65,--,III,Ⅴ,-,2020-08-14 23:05:03
黄龙溪,府河,2020-08-15 00,4.70,0.320,0.127,110.8,6.49,7.69,--,III,Ⅴ,-,2020-08-15 03:05:01
黄龙溪,府河,2020-08-15 04,8.40,0.400,NA,228.9,6.64,7.78,--,IV,Ⅴ,高锰酸盐指数,2020-08-15 07:05:02
黄龙溪,府河,2020-08-15 08,7.60,0.510,NA,513.0,6.22,7.65,--,IV,Ⅴ,高锰酸盐指数,2020-08-15 11:05:02
黄龙溪,府河,2020-08-15 12,7.60,0.730,NA,350.0,4.73,7.58,--,IV,Ⅴ,"高锰酸盐指数,溶解氧",2020-08-15 15:05:02
黄龙溪,府河,2020-08-15 16,7.60,0.670,NA,311.9,5.08,7.55,--,IV,Ⅴ,高锰酸盐指数,2020-08-15 19:05:03
黄龙溪,府河,2020-08-15 20,7.60,0.530,NA,271.0,5.72,7.56,--,IV,Ⅴ,高锰酸盐指数,2020-08-15 23:05:02
黄龙溪,府河,2020-08-16 00,NA,0.450,NA,249.3,6.26,7.59,--,II,Ⅴ,-,2020-08-16 03:05:02
黄龙溪,府河,2020-08-16 04,NA,0.350,NA,345.5,6.62,7.63,--,II,Ⅴ,-,2020-08-16 07:05:02
黄龙溪,府河,2020-08-16 08,NA,0.210,NA,471.8,7.89,7.63,--,II,Ⅴ,-,2020-08-16 11:05:02
黄龙溪,府河,2020-08-16 12,NA,0.270,NA,989.1,6.18,7.57,--,II,Ⅴ,-,2020-08-16 15:05:02
黄龙溪,府河,2020-08-16 12,NA,0.270,NA,989.1,6.18,7.57,--,II,Ⅴ,-,2020-08-16 19:05:02
黄龙溪,府河,2020-08-16 12,NA,0.270,NA,989.1,6.18,7.57,--,II,Ⅴ,-,2020-08-16 23:05:01
黄龙溪,府河,2020-08-16 12,NA,0.270,NA,989.1,6.18,7.57,--,II,Ⅴ,-,2020-08-17 03:05:03
黄龙溪,府河,2020-08-16 12,NA,0.270,NA,989.1,6.18,7.57,--,II,Ⅴ,-,2020-08-17 07:05:03
黄龙溪,府河,2020-08-16 12,NA,0.270,NA,989.1,6.18,7.57,--,II,Ⅴ,-,2020-08-17 11:05:02
黄龙溪,府河,,NA,NA,NA,NA,NA,NA,--,,Ⅴ,-,2020-08-17 15:05:02
黄龙溪,府河,,NA,NA,NA,NA,NA,NA,--,,Ⅴ,-,2020-08-17 19:05:02
黄龙溪,府河,,NA,NA,NA,NA,NA,NA,--,,Ⅴ,-,2020-08-17 23:05:01
黄龙溪,府河,,NA,NA,NA,NA,NA,NA,--,,Ⅴ,-,2020-08-18 03:05:01
黄龙溪,府河,,NA,NA,NA,NA,NA,NA,--,,Ⅴ,-,2020-08-18 07:05:03
黄龙溪,府河,,NA,NA,NA,NA,NA,NA,--,,Ⅴ,-,2020-08-18 11:05:02
黄龙溪,府河,,NA,NA,NA,NA,NA,NA,--,,Ⅴ,-,2020-08-18 15:05:02
黄龙溪,府河,,NA,NA,NA,NA,NA,NA,--,,Ⅴ,-,2020-08-18 19:05:02
黄龙溪,府河,,NA,NA,NA,NA,NA,NA,--,,Ⅴ,-,2020-08-18 23:05:01
黄龙溪,府河,,NA,NA,NA,NA,NA,NA,--,,Ⅴ,-,2020-08-19 03:05:01
黄龙溪,府河,,NA,NA,NA,NA,NA,NA,--,,Ⅴ,-,2020-08-19 07:05:03
黄龙溪,府河,,NA,NA,NA,NA,NA,NA,--,,Ⅴ,-,2020-08-19 11:05:01
黄龙溪,府河,,NA,NA,NA,NA,NA,NA,--,,Ⅴ,-,2020-08-19 15:05:02
黄龙溪,府河,,NA,NA,NA,NA,NA,NA,--,,Ⅴ,-,2020-08-19 19:05:02
黄龙溪,府河,,NA,NA,NA,NA,NA,NA,--,,Ⅴ,-,2020-08-19 23:05:02
黄龙溪,府河,,NA,NA,NA,NA,NA,NA,--,,Ⅴ,-,2020-08-20 03:05:02
黄龙溪,府河,,NA,NA,NA,NA,NA,NA,--,,Ⅴ,-,2020-08-20 07:05:02
黄龙溪,府河,,NA,NA,NA,NA,NA,NA,--,,Ⅴ,-,2020-08-20 11:05:02
黄龙溪,府河,,NA,NA,NA,NA,NA,NA,--,,Ⅴ,-,2020-08-20 15:05:02
黄龙溪,府河,,NA,NA,NA,NA,NA,NA,--,,Ⅴ,-,2020-08-20 19:05:03
黄龙溪,府河,,NA,NA,NA,NA,NA,NA,--,,Ⅴ,-,2020-08-20 23:05:02
黄龙溪,府河,,NA,NA,NA,NA,NA,NA,--,,Ⅴ,-,2020-08-21 03:05:01
黄龙溪,府河,,NA,NA,NA,NA,NA,NA,--,,Ⅴ,-,2020-08-21 07:05:02
黄龙溪,府河,,NA,NA,NA,NA,NA,NA,--,,Ⅴ,-,2020-08-21 11:05:02
黄龙溪,府河,,NA,NA,NA,NA,NA,NA,--,,Ⅴ,-,2020-08-21 15:05:02
黄龙溪,府河,,NA,NA,NA,NA,NA,NA,--,,Ⅴ,-,2020-08-21 19:05:03
黄龙溪,府河,,NA,NA,NA,NA,NA,NA,--,,Ⅴ,-,2020-08-21 23:05:02
黄龙溪,府河,,NA,NA,NA,NA,NA,NA,--,,Ⅴ,-,2020-08-22 03:05:02
黄龙溪,府河,,NA,NA,NA,NA,NA,NA,--,,Ⅴ,-,2020-08-22 07:05:02
黄龙溪,府河,,NA,NA,NA,NA,NA,NA,--,,Ⅴ,-,2020-08-22 11:05:02
黄龙溪,府河,,NA,NA,NA,NA,NA,NA,--,,Ⅴ,-,2020-08-22 15:05:02
黄龙溪,府河,,NA,NA,NA,NA,NA,NA,--,,Ⅴ,-,2020-08-22 19:05:03
黄龙溪,府河,,NA,NA,NA,NA,NA,NA,--,,Ⅴ,-,2020-08-22 23:05:02
黄龙溪,府河,,NA,NA,NA,NA,NA,NA,--,,Ⅴ,-,2020-08-23 03:05:02
黄龙溪,府河,,NA,NA,NA,NA,NA,NA,--,,Ⅴ,-,2020-08-23 07:05:02
黄龙溪,府河,,NA,NA,NA,NA,NA,NA,--,,Ⅴ,-,2020-08-23 11:05:02
黄龙溪,府河,,NA,NA,NA,NA,NA,NA,--,,Ⅴ,-,2020-08-23 15:05:02
黄龙溪,府河,,NA,NA,NA,NA,NA,NA,--,,Ⅴ,-,2020-08-23 19:05:02
黄龙溪,府河,,NA,NA,NA,NA,NA,NA,--,,Ⅴ,-,2020-08-23 23:05:02
黄龙溪,府河,,NA,NA,NA,NA,NA,NA,--,,Ⅴ,-,2020-08-24 03:05:02
黄龙溪,府河,,NA,NA,NA,NA,NA,NA,--,,Ⅴ,-,2020-08-24 07:05:03
黄龙溪,府河,,NA,NA,NA,NA,NA,NA,--,,Ⅴ,-,2020-08-24 11:05:02
黄龙溪,府河,,NA,NA,NA,NA,NA,NA,--,,Ⅴ,-,2020-08-24 15:05:02
黄龙溪,府河,,NA,NA,NA,NA,NA,NA,--,,Ⅴ,-,2020-08-24 19:05:02
黄龙溪,府河,,NA,NA,NA,NA,NA,NA,--,,Ⅴ,-,2020-08-24 23:05:02
黄龙溪,府河,,NA,NA,NA,NA,NA,NA,--,,Ⅴ,-,2020-08-25 03:05:01
黄龙溪,府河,,NA,NA,NA,NA,NA,NA,--,,Ⅴ,-,2020-08-25 07:05:03
黄龙溪,府河,,NA,NA,NA,NA,NA,NA,--,,Ⅴ,-,2020-08-25 11:05:02
黄龙溪,府河,,NA,NA,NA,NA,NA,NA,--,,Ⅴ,-,2020-08-25 15:05:02
黄龙溪,府河,,NA,NA,NA,NA,NA,NA,--,,Ⅴ,-,2020-08-25 19:05:03
黄龙溪,府河,,NA,NA,NA,NA,NA,NA,--,,Ⅴ,-,2020-08-25 23:05:01
黄龙溪,府河,,NA,NA,NA,NA,NA,NA,--,,Ⅴ,-,2020-08-26 03:05:02
黄龙溪,府河,,NA,NA,NA,NA,NA,NA,--,,Ⅴ,-,2020-08-26 07:05:02
黄龙溪,府河,,NA,NA,NA,NA,NA,NA,--,,Ⅴ,-,2020-08-26 11:05:03
黄龙溪,府河,,NA,NA,NA,NA,NA,NA,--,,Ⅴ,-,2020-08-26 15:05:02
黄龙溪,府河,,NA,NA,NA,NA,NA,NA,--,,Ⅴ,-,2020-08-26 19:05:03
黄龙溪,府河,,NA,NA,NA,NA,NA,NA,--,,Ⅴ,-,2020-08-26 23:05:02
黄龙溪,府河,,NA,NA,NA,NA,NA,NA,--,,Ⅴ,-,2020-08-27 03:05:02
黄龙溪,府河,,NA,NA,NA,NA,NA,NA,--,,Ⅴ,-,2020-08-27 07:05:02
黄龙溪,府河,,NA,NA,NA,NA,NA,NA,--,,Ⅴ,-,2020-08-27 11:05:02
黄龙溪,府河,,NA,NA,NA,NA,NA,NA,--,,Ⅴ,-,2020-08-27 15:05:02
黄龙溪,府河,,NA,NA,NA,NA,NA,NA,--,,Ⅴ,-,2020-08-27 19:05:03
黄龙溪,府河,,NA,NA,NA,NA,NA,NA,--,,Ⅴ,-,2020-08-27 23:05:02
黄龙溪,府河,,NA,NA,NA,NA,NA,NA,--,,Ⅴ,-,2020-08-28 03:05:02
黄龙溪,府河,,NA,NA,NA,NA,NA,NA,--,,Ⅴ,-,2020-08-28 07:05:02
黄龙溪,府河,,NA,NA,NA,NA,NA,NA,--,,Ⅴ,-,2020-08-28 11:05:02
黄龙溪,府河,,NA,NA,NA,NA,NA,NA,--,,Ⅴ,-,2020-08-28 15:05:03
黄龙溪,府河,,NA,NA,NA,NA,NA,NA,--,,Ⅴ,-,2020-08-28 19:05:03
黄龙溪,府河,,NA,NA,NA,NA,NA,NA,--,,Ⅴ,-,2020-08-28 23:05:02
黄龙溪,府河,,NA,NA,NA,NA,NA,NA,--,,Ⅴ,-,2020-08-29 03:05:02
黄龙溪,府河,,NA,NA,NA,NA,NA,NA,--,,Ⅴ,-,2020-08-29 07:05:02
黄龙溪,府河,,NA,NA,NA,NA,NA,NA,--,,Ⅴ,-,2020-08-29 11:05:02
黄龙溪,府河,,NA,NA,NA,NA,NA,NA,--,,Ⅴ,-,2020-08-29 15:05:02
黄龙溪,府河,,NA,NA,NA,NA,NA,NA,--,,Ⅴ,-,2020-08-29 19:05:02
黄龙溪,府河,,NA,NA,NA,NA,NA,NA,--,,Ⅴ,-,2020-08-29 23:05:02
黄龙溪,府河,,NA,NA,NA,NA,NA,NA,--,,Ⅴ,-,2020-08-30 03:05:03
黄龙溪,府河,,NA,NA,NA,NA,NA,NA,--,,Ⅴ,-,2020-08-30 07:05:03
黄龙溪,府河,,NA,NA,NA,NA,NA,NA,--,,Ⅴ,-,2020-08-30 11:05:02
黄龙溪,府河,,NA,NA,NA,NA,NA,NA,--,,Ⅴ,-,2020-08-30 15:05:02
黄龙溪,府河,,NA,NA,NA,NA,NA,NA,--,,Ⅴ,-,2020-08-30 19:05:02
黄龙溪,府河,,NA,NA,NA,NA,NA,NA,--,,Ⅴ,-,2020-08-30 23:05:02
黄龙溪,府河,,NA,NA,NA,NA,NA,NA,--,,Ⅴ,-,2020-08-31 03:05:01
黄龙溪,府河,,NA,NA,NA,NA,NA,NA,--,,Ⅴ,-,2020-08-31 07:05:03
黄龙溪,府河,,NA,NA,NA,NA,NA,NA,--,,Ⅴ,-,2020-08-31 11:05:03
黄龙溪,府河,,NA,NA,NA,NA,NA,NA,--,,Ⅴ,-,2020-08-31 15:05:01
黄龙溪,府河,,NA,NA,NA,NA,NA,NA,--,,Ⅴ,-,2020-08-31 19:05:03
黄龙溪,府河,,NA,NA,NA,NA,NA,NA,--,,Ⅴ,-,2020-08-31 23:05:02
黄龙溪,府河,,NA,NA,NA,NA,NA,NA,--,,Ⅴ,-,2020-09-01 03:05:02
黄龙溪,府河,,NA,NA,NA,NA,NA,NA,--,,Ⅴ,-,2020-09-01 07:05:02
黄龙溪,府河,,NA,NA,NA,NA,NA,NA,--,,Ⅴ,-,2020-09-01 11:05:01
黄龙溪,府河,,NA,NA,NA,NA,NA,NA,--,,Ⅴ,-,2020-09-01 15:05:02
黄龙溪,府河,,NA,NA,NA,NA,NA,NA,--,,Ⅴ,-,2020-09-01 19:05:03
黄龙溪,府河,,NA,NA,NA,NA,NA,NA,--,,Ⅴ,-,2020-09-01 23:05:03
黄龙溪,府河,,NA,NA,NA,NA,NA,NA,--,,Ⅴ,-,2020-09-02 03:05:02
黄龙溪,府河,,NA,NA,NA,NA,NA,NA,--,,Ⅴ,-,2020-09-02 07:05:02
黄龙溪,府河,,NA,NA,NA,NA,NA,NA,--,,Ⅴ,-,2020-09-02 11:05:03
黄龙溪,府河,,NA,NA,NA,NA,NA,NA,--,,Ⅴ,-,2020-09-02 15:05:02
黄龙溪,府河,,NA,NA,NA,NA,NA,NA,--,,Ⅴ,-,2020-09-02 19:05:03
黄龙溪,府河,,NA,NA,NA,NA,NA,NA,--,,Ⅴ,-,2020-09-02 23:05:02
黄龙溪,府河,,NA,NA,NA,NA,NA,NA,--,,Ⅴ,-,2020-09-03 03:05:03
黄龙溪,府河,,NA,NA,NA,NA,NA,NA,--,,Ⅴ,-,2020-09-03 07:05:02
黄龙溪,府河,,NA,NA,NA,NA,NA,NA,--,,Ⅴ,-,2020-09-03 11:05:03
黄龙溪,府河,,NA,NA,NA,NA,NA,NA,--,,Ⅴ,-,2020-09-03 15:05:02
黄龙溪,府河,,NA,NA,NA,NA,NA,NA,--,,Ⅴ,-,2020-09-03 19:05:03
黄龙溪,府河,,NA,NA,NA,NA,NA,NA,--,,Ⅴ,-,2020-09-03 23:05:02
黄龙溪,府河,,NA,NA,NA,NA,NA,NA,--,,Ⅴ,-,2020-09-04 03:05:02
黄龙溪,府河,,NA,NA,NA,NA,NA,NA,--,,Ⅴ,-,2020-09-04 07:05:03
黄龙溪,府河,,NA,NA,NA,NA,NA,NA,--,,Ⅴ,-,2020-09-04 11:05:03
黄龙溪,府河,,NA,NA,NA,NA,NA,NA,--,,Ⅴ,-,2020-09-04 15:05:03
黄龙溪,府河,,NA,NA,NA,NA,NA,NA,--,,Ⅴ,-,2020-09-04 19:05:02
黄龙溪,府河,,NA,NA,NA,NA,NA,NA,--,,Ⅴ,-,2020-09-04 23:05:02
黄龙溪,府河,,NA,NA,NA,NA,NA,NA,--,,Ⅴ,-,2020-09-05 03:05:02
黄龙溪,府河,,NA,NA,NA,NA,NA,NA,--,,Ⅴ,-,2020-09-05 07:05:02
黄龙溪,府河,,NA,NA,NA,NA,NA,NA,--,,Ⅴ,-,2020-09-05 11:05:02
黄龙溪,府河,,NA,NA,NA,NA,NA,NA,--,,Ⅴ,-,2020-09-05 15:05:03
黄龙溪,府河,,NA,NA,NA,NA,NA,NA,--,,Ⅴ,-,2020-09-05 19:05:02
黄龙溪,府河,,NA,NA,NA,NA,NA,NA,--,,Ⅴ,-,2020-09-05 23:05:02
黄龙溪,府河,,NA,NA,NA,NA,NA,NA,--,,Ⅴ,-,2020-09-06 03:05:02
黄龙溪,府河,,NA,NA,NA,NA,NA,NA,--,,Ⅴ,-,2020-09-06 07:05:03
黄龙溪,府河,,NA,NA,NA,NA,NA,NA,--,,Ⅴ,-,2020-09-06 11:05:02
黄龙溪,府河,,NA,NA,NA,NA,NA,NA,--,,Ⅴ,-,2020-09-06 15:05:02
黄龙溪,府河,,NA,NA,NA,NA,NA,NA,--,,Ⅴ,-,2020-09-06 19:05:02
黄龙溪,府河,,NA,NA,NA,NA,NA,NA,--,,Ⅴ,-,2020-09-06 23:05:02
黄龙溪,府河,,NA,NA,NA,NA,NA,NA,--,,Ⅴ,-,2020-09-07 03:05:03
黄龙溪,府河,,NA,NA,NA,NA,NA,NA,--,,Ⅴ,-,2020-09-07 07:05:03
黄龙溪,府河,,NA,NA,NA,NA,NA,NA,--,,Ⅴ,-,2020-09-07 11:05:02
黄龙溪,府河,,NA,NA,NA,NA,NA,NA,--,,Ⅴ,-,2020-09-07 15:05:02
黄龙溪,府河,,NA,NA,NA,NA,NA,NA,--,,Ⅴ,-,2020-09-07 19:05:03
黄龙溪,府河,,NA,NA,NA,NA,NA,NA,--,,Ⅴ,-,2020-09-07 23:05:02
黄龙溪,府河,,NA,NA,NA,NA,NA,NA,--,,Ⅴ,-,2020-09-08 03:05:02
黄龙溪,府河,,NA,NA,NA,NA,NA,NA,--,,Ⅴ,-,2020-09-08 07:05:02
黄龙溪,府河,,NA,NA,NA,NA,NA,NA,--,,Ⅴ,-,2020-09-08 11:05:02
黄龙溪,府河,,NA,NA,NA,NA,NA,NA,--,,Ⅴ,-,2020-09-08 15:05:02
黄龙溪,府河,,NA,NA,NA,NA,NA,NA,--,,Ⅴ,-,2020-09-08 19:05:03
黄龙溪,府河,,NA,NA,NA,NA,NA,NA,--,,Ⅴ,-,2020-09-08 23:05:02
黄龙溪,府河,,NA,NA,NA,NA,NA,NA,--,,Ⅴ,-,2020-09-09 03:05:02
黄龙溪,府河,,NA,NA,NA,NA,NA,NA,--,,Ⅴ,-,2020-09-09 07:05:02
黄龙溪,府河,,NA,NA,NA,NA,NA,NA,--,,Ⅴ,-,2020-09-09 11:05:01
黄龙溪,府河,,NA,NA,NA,NA,NA,NA,--,,Ⅴ,-,2020-09-09 15:05:02
黄龙溪,府河,,NA,NA,NA,NA,NA,NA,--,,Ⅴ,-,2020-09-09 19:05:03
黄龙溪,府河,,NA,NA,NA,NA,NA,NA,--,,Ⅴ,-,2020-09-09 23:05:03
黄龙溪,府河,,NA,NA,NA,NA,NA,NA,--,,Ⅴ,-,2020-09-10 03:05:03
黄龙溪,府河,,NA,NA,NA,NA,NA,NA,--,,Ⅴ,-,2020-09-10 07:05:02
黄龙溪,府河,,NA,NA,NA,NA,NA,NA,--,,Ⅴ,-,2020-09-10 11:05:02
黄龙溪,府河,,NA,NA,NA,NA,NA,NA,--,,Ⅴ,-,2020-09-10 15:05:02
黄龙溪,府河,,NA,NA,NA,NA,NA,NA,--,,Ⅴ,-,2020-09-10 19:05:02
黄龙溪,府河,,NA,NA,NA,NA,NA,NA,--,,Ⅴ,-,2020-09-10 23:05:02
黄龙溪,府河,,NA,NA,NA,NA,NA,NA,--,,Ⅴ,-,2020-09-11 03:05:02
黄龙溪,府河,,NA,NA,NA,NA,NA,NA,--,,Ⅴ,-,2020-09-11 07:05:02
黄龙溪,府河,,NA,NA,NA,NA,NA,NA,--,,Ⅴ,-,2020-09-11 11:05:02
黄龙溪,府河,,NA,NA,NA,NA,NA,NA,--,,Ⅴ,-,2020-09-11 15:05:02
黄龙溪,府河,,NA,NA,NA,NA,NA,NA,--,,Ⅴ,-,2020-09-11 19:05:03
黄龙溪,府河,,NA,NA,NA,NA,NA,NA,--,,Ⅴ,-,2020-09-11 23:05:02
黄龙溪,府河,,NA,NA,NA,NA,NA,NA,--,,Ⅴ,-,2020-09-12 03:05:02
黄龙溪,府河,,NA,NA,NA,NA,NA,NA,--,,Ⅴ,-,2020-09-12 07:05:02
黄龙溪,府河,,NA,NA,NA,NA,NA,NA,--,,Ⅴ,-,2020-09-12 11:05:03
黄龙溪,府河,,NA,NA,NA,NA,NA,NA,--,,Ⅴ,-,2020-09-12 15:05:02
黄龙溪,府河,,NA,NA,NA,NA,NA,NA,--,,Ⅴ,-,2020-09-12 19:05:02
黄龙溪,府河,,NA,NA,NA,NA,NA,NA,--,,Ⅴ,-,2020-09-12 23:05:02
黄龙溪,府河,,NA,NA,NA,NA,NA,NA,--,,Ⅴ,-,2020-09-13 03:05:01
黄龙溪,府河,,NA,NA,NA,NA,NA,NA,--,,Ⅴ,-,2020-09-13 07:05:03
黄龙溪,府河,,NA,NA,NA,NA,NA,NA,--,,Ⅴ,-,2020-09-13 11:05:03
黄龙溪,府河,,NA,NA,NA,NA,NA,NA,--,,Ⅴ,-,2020-09-13 15:05:02
黄龙溪,府河,,NA,NA,NA,NA,NA,NA,--,,Ⅴ,-,2020-09-13 19:05:03
黄龙溪,府河,,NA,NA,NA,NA,NA,NA,--,,Ⅴ,-,2020-09-13 23:05:02
黄龙溪,府河,,NA,NA,NA,NA,NA,NA,--,,Ⅴ,-,2020-09-14 03:05:02
黄龙溪,府河,,NA,NA,NA,NA,NA,NA,--,,Ⅴ,-,2020-09-14 07:05:03
黄龙溪,府河,,NA,NA,NA,NA,NA,NA,--,,Ⅴ,-,2020-09-14 11:05:02
黄龙溪,府河,,NA,NA,NA,NA,NA,NA,--,,Ⅴ,-,2020-09-14 15:05:02
黄龙溪,府河,,NA,NA,NA,NA,NA,NA,--,,Ⅴ,-,2020-09-14 19:05:03
黄龙溪,府河,,NA,NA,NA,NA,NA,NA,--,,Ⅴ,-,2020-09-14 23:05:02
黄龙溪,府河,,NA,NA,NA,NA,NA,NA,--,,Ⅴ,-,2020-09-15 03:05:02
黄龙溪,府河,,NA,NA,NA,NA,NA,NA,--,,Ⅴ,-,2020-09-15 07:05:02
黄龙溪,府河,,NA,NA,NA,NA,NA,NA,--,,Ⅴ,-,2020-09-15 11:05:02
黄龙溪,府河,,NA,NA,NA,NA,NA,NA,--,,Ⅴ,-,2020-09-15 15:05:02
黄龙溪,府河,,NA,NA,NA,NA,NA,NA,--,,Ⅴ,-,2020-09-15 19:05:03
黄龙溪,府河,,NA,NA,NA,NA,NA,NA,--,,Ⅴ,-,2020-09-15 23:05:02
黄龙溪,府河,,NA,NA,NA,NA,NA,NA,--,,Ⅴ,-,2020-09-16 03:05:02
黄龙溪,府河,,NA,NA,NA,NA,NA,NA,--,,Ⅴ,-,2020-09-16 07:05:02
黄龙溪,府河,,NA,NA,NA,NA,NA,NA,--,,Ⅴ,-,2020-09-16 11:05:02
黄龙溪,府河,,NA,NA,NA,NA,NA,NA,--,,Ⅴ,-,2020-09-16 15:05:02
黄龙溪,府河,,NA,NA,NA,NA,NA,NA,--,,Ⅴ,-,2020-09-16 19:05:03
黄龙溪,府河,,NA,NA,NA,NA,NA,NA,--,,Ⅴ,-,2020-09-16 23:05:02
黄龙溪,府河,,NA,NA,NA,NA,NA,NA,--,,Ⅴ,-,2020-09-17 03:05:02
黄龙溪,府河,,NA,NA,NA,NA,NA,NA,--,,Ⅴ,-,2020-09-17 07:05:03
黄龙溪,府河,,NA,NA,NA,NA,NA,NA,--,,Ⅴ,-,2020-09-17 11:05:02
黄龙溪,府河,,NA,NA,NA,NA,NA,NA,--,,Ⅴ,-,2020-09-17 15:05:03
黄龙溪,府河,,NA,NA,NA,NA,NA,NA,--,,Ⅴ,-,2020-09-17 19:05:02
黄龙溪,府河,,NA,NA,NA,NA,NA,NA,--,,Ⅴ,-,2020-09-17 23:05:02
黄龙溪,府河,,NA,NA,NA,NA,NA,NA,--,,Ⅴ,-,2020-09-18 03:05:02
黄龙溪,府河,,NA,NA,NA,NA,NA,NA,--,,Ⅴ,-,2020-09-18 07:05:03
黄龙溪,府河,,NA,NA,NA,NA,NA,NA,--,,Ⅴ,-,2020-09-18 11:05:02
黄龙溪,府河,,NA,NA,NA,NA,NA,NA,--,,Ⅴ,-,2020-09-18 15:05:03
黄龙溪,府河,,NA,NA,NA,NA,NA,NA,--,,Ⅴ,-,2020-09-18 19:05:02
黄龙溪,府河,,NA,NA,NA,NA,NA,NA,--,,Ⅴ,-,2020-09-18 23:05:02
黄龙溪,府河,,NA,NA,NA,NA,NA,NA,--,,Ⅴ,-,2020-09-19 03:05:03
黄龙溪,府河,,NA,NA,NA,NA,NA,NA,--,,Ⅴ,-,2020-09-19 07:05:03
黄龙溪,府河,,NA,NA,NA,NA,NA,NA,--,,Ⅴ,-,2020-09-19 11:05:02
黄龙溪,府河,,NA,NA,NA,NA,NA,NA,--,,Ⅴ,-,2020-09-19 15:05:03
黄龙溪,府河,,NA,NA,NA,NA,NA,NA,--,,Ⅴ,-,2020-09-19 19:05:03
黄龙溪,府河,,NA,NA,NA,NA,NA,NA,--,,Ⅴ,-,2020-09-19 23:05:02
黄龙溪,府河,,NA,NA,NA,NA,NA,NA,--,,Ⅴ,-,2020-09-20 03:05:02
黄龙溪,府河,,NA,NA,NA,NA,NA,NA,--,,Ⅴ,-,2020-09-20 07:05:03
黄龙溪,府河,,NA,NA,NA,NA,NA,NA,--,,Ⅴ,-,2020-09-20 11:05:02
黄龙溪,府河,,NA,NA,NA,NA,NA,NA,--,,Ⅴ,-,2020-09-20 15:05:02
黄龙溪,府河,,NA,NA,NA,NA,NA,NA,--,,Ⅴ,-,2020-09-20 19:05:03
黄龙溪,府河,,NA,NA,NA,NA,NA,NA,--,,Ⅴ,-,2020-09-20 23:05:02
黄龙溪,府河,,NA,NA,NA,NA,NA,NA,--,,Ⅴ,-,2020-09-21 03:05:02
黄龙溪,府河,,NA,NA,NA,NA,NA,NA,--,,Ⅴ,-,2020-09-21 07:05:02
黄龙溪,府河,,NA,NA,NA,NA,NA,NA,--,,Ⅴ,-,2020-09-21 11:05:02
黄龙溪,府河,,NA,NA,NA,NA,NA,NA,--,,Ⅴ,-,2020-09-21 15:05:02
黄龙溪,府河,,NA,NA,NA,NA,NA,NA,--,,Ⅴ,-,2020-09-21 19:05:03
黄龙溪,府河,,NA,NA,NA,NA,NA,NA,--,,Ⅴ,-,2020-09-21 23:05:03
黄龙溪,府河,,NA,NA,NA,NA,NA,NA,--,,Ⅴ,-,2020-09-22 03:05:03
黄龙溪,府河,,NA,NA,NA,NA,NA,NA,--,,Ⅴ,-,2020-09-22 07:05:02
黄龙溪,府河,,NA,NA,NA,NA,NA,NA,--,,Ⅴ,-,2020-09-22 11:05:02
黄龙溪,府河,,NA,NA,NA,NA,NA,NA,--,,Ⅴ,-,2020-09-22 15:05:03
黄龙溪,府河,,NA,NA,NA,NA,NA,NA,--,,Ⅴ,-,2020-09-22 19:05:03
黄龙溪,府河,,NA,NA,NA,NA,NA,NA,--,,Ⅴ,-,2020-09-22 23:05:03
黄龙溪,府河,,NA,NA,NA,NA,NA,NA,--,,Ⅴ,-,2020-09-23 03:05:02
黄龙溪,府河,,NA,NA,NA,NA,NA,NA,--,,Ⅴ,-,2020-09-23 07:05:03
黄龙溪,府河,,NA,NA,NA,NA,NA,NA,--,,Ⅴ,-,2020-09-23 11:05:03
黄龙溪,府河,,NA,NA,NA,NA,NA,NA,--,,Ⅴ,-,2020-09-23 15:05:02
黄龙溪,府河,,NA,NA,NA,NA,NA,NA,--,,Ⅴ,-,2020-09-23 19:05:02
黄龙溪,府河,,NA,NA,NA,NA,NA,NA,--,,Ⅴ,-,2020-09-23 23:05:01
黄龙溪,府河,,NA,NA,NA,NA,NA,NA,--,,Ⅴ,-,2020-09-24 03:05:02
黄龙溪,府河,,NA,NA,NA,NA,NA,NA,--,,Ⅴ,-,2020-09-24 07:05:02
黄龙溪,府河,,NA,NA,NA,NA,NA,NA,--,,Ⅴ,-,2020-09-24 11:05:03
黄龙溪,府河,,NA,NA,NA,NA,NA,NA,--,,Ⅴ,-,2020-09-24 15:05:01
黄龙溪,府河,,NA,NA,NA,NA,NA,NA,--,,Ⅴ,-,2020-09-24 19:05:02
黄龙溪,府河,,NA,NA,NA,NA,NA,NA,--,,Ⅴ,-,2020-09-24 23:05:02
黄龙溪,府河,,NA,NA,NA,NA,NA,NA,--,,Ⅴ,-,2020-09-25 03:05:02
黄龙溪,府河,,NA,NA,NA,NA,NA,NA,--,,Ⅴ,-,2020-09-25 07:05:03
黄龙溪,府河,,NA,NA,NA,NA,NA,NA,--,,Ⅴ,-,2020-09-25 11:05:02
黄龙溪,府河,,NA,NA,NA,NA,NA,NA,--,,Ⅴ,-,2020-09-25 15:05:02
黄龙溪,府河,,NA,NA,NA,NA,NA,NA,--,,Ⅴ,-,2020-09-25 19:05:02
黄龙溪,府河,,NA,NA,NA,NA,NA,NA,--,,Ⅴ,-,2020-09-25 23:05:01
黄龙溪,府河,,NA,NA,NA,NA,NA,NA,--,,Ⅴ,-,2020-09-26 03:05:02
黄龙溪,府河,,NA,NA,NA,NA,NA,NA,--,,Ⅴ,-,2020-09-26 07:05:03
黄龙溪,府河,,NA,NA,NA,NA,NA,NA,--,,Ⅴ,-,2020-09-26 11:05:02
黄龙溪,府河,,NA,NA,NA,NA,NA,NA,--,,Ⅴ,-,2020-09-26 15:05:03
黄龙溪,府河,,NA,NA,NA,NA,NA,NA,--,,Ⅴ,-,2020-09-26 19:05:03
黄龙溪,府河,,NA,NA,NA,NA,NA,NA,--,,Ⅴ,-,2020-09-26 23:05:02
黄龙溪,府河,,NA,NA,NA,NA,NA,NA,--,,Ⅴ,-,2020-09-27 03:05:02
黄龙溪,府河,,NA,NA,NA,NA,NA,NA,--,,Ⅴ,-,2020-09-27 07:05:03
黄龙溪,府河,,NA,NA,NA,NA,NA,NA,--,,Ⅴ,-,2020-09-27 11:05:02
黄龙溪,府河,,NA,NA,NA,NA,NA,NA,--,,Ⅴ,-,2020-09-27 15:05:02
黄龙溪,府河,,NA,NA,NA,NA,NA,NA,--,,Ⅴ,-,2020-09-27 19:05:03
黄龙溪,府河,,NA,NA,NA,NA,NA,NA,--,,Ⅴ,-,2020-09-27 23:05:02
黄龙溪,府河,,NA,NA,NA,NA,NA,NA,--,,Ⅴ,-,2020-09-28 03:05:02
黄龙溪,府河,,NA,NA,NA,NA,NA,NA,--,,Ⅴ,-,2020-09-28 07:05:02
黄龙溪,府河,,NA,NA,NA,NA,NA,NA,--,,Ⅴ,-,2020-09-28 11:05:03
黄龙溪,府河,,NA,NA,NA,NA,NA,NA,--,,Ⅴ,-,2020-09-28 15:05:03
黄龙溪,府河,,NA,NA,NA,NA,NA,NA,--,,Ⅴ,-,2020-09-28 19:05:03
黄龙溪,府河,,NA,NA,NA,NA,NA,NA,--,,Ⅴ,-,2020-09-28 23:05:02
黄龙溪,府河,,NA,NA,NA,NA,NA,NA,--,,Ⅴ,-,2020-09-29 03:05:02
黄龙溪,府河,,NA,NA,NA,NA,NA,NA,--,,Ⅴ,-,2020-09-29 07:05:02
黄龙溪,府河,,NA,NA,NA,NA,NA,NA,--,,Ⅴ,-,2020-09-29 11:05:03
黄龙溪,府河,,NA,NA,NA,NA,NA,NA,--,,Ⅴ,-,2020-09-29 15:05:02
黄龙溪,府河,,NA,NA,NA,NA,NA,NA,--,,Ⅴ,-,2020-09-29 19:05:03
黄龙溪,府河,,NA,NA,NA,NA,NA,NA,--,,Ⅴ,-,2020-09-29 23:05:02
黄龙溪,府河,,NA,NA,NA,NA,NA,NA,--,,Ⅴ,-,2020-09-30 03:05:02
黄龙溪,府河,,NA,NA,NA,NA,NA,NA,--,,Ⅴ,-,2020-09-30 07:05:02
黄龙溪,府河,,NA,NA,NA,NA,NA,NA,--,,Ⅴ,-,2020-09-30 11:05:02
黄龙溪,府河,,NA,NA,NA,NA,NA,NA,--,,Ⅴ,-,2020-09-30 15:05:03
黄龙溪,府河,,NA,NA,NA,NA,NA,NA,--,,Ⅴ,-,2020-09-30 19:05:03
黄龙溪,府河,,NA,NA,NA,NA,NA,NA,--,,Ⅴ,-,2020-09-30 23:05:03
黄龙溪,府河,,NA,NA,NA,NA,NA,NA,--,,Ⅴ,-,2020-10-01 03:05:02
黄龙溪,府河,,NA,NA,NA,NA,NA,NA,--,,Ⅴ,-,2020-10-01 07:05:02
黄龙溪,府河,,NA,NA,NA,NA,NA,NA,--,,Ⅴ,-,2020-10-01 11:05:02
黄龙溪,府河,,NA,NA,NA,NA,NA,NA,--,,Ⅴ,-,2020-10-01 15:05:03
黄龙溪,府河,,NA,NA,NA,NA,NA,NA,--,,Ⅴ,-,2020-10-01 19:05:03
黄龙溪,府河,,NA,NA,NA,NA,NA,NA,--,,Ⅴ,-,2020-10-01 23:05:02
黄龙溪,府河,,NA,NA,NA,NA,NA,NA,--,,Ⅴ,-,2020-10-02 03:05:03
黄龙溪,府河,,NA,NA,NA,NA,NA,NA,--,,Ⅴ,-,2020-10-02 07:05:03
黄龙溪,府河,,NA,NA,NA,NA,NA,NA,--,,Ⅴ,-,2020-10-02 11:05:02
黄龙溪,府河,,NA,NA,NA,NA,NA,NA,--,,Ⅴ,-,2020-10-02 15:05:02
黄龙溪,府河,,NA,NA,NA,NA,NA,NA,--,,Ⅴ,-,2020-10-02 19:05:02
黄龙溪,府河,,NA,NA,NA,NA,NA,NA,--,,Ⅴ,-,2020-10-02 23:05:02
黄龙溪,府河,,NA,NA,NA,NA,NA,NA,--,,Ⅴ,-,2020-10-03 03:05:02
黄龙溪,府河,,NA,NA,NA,NA,NA,NA,--,,Ⅴ,-,2020-10-03 07:05:03
黄龙溪,府河,,NA,NA,NA,NA,NA,NA,--,,Ⅴ,-,2020-10-03 11:05:02
黄龙溪,府河,,NA,NA,NA,NA,NA,NA,--,,Ⅴ,-,2020-10-03 15:05:03
黄龙溪,府河,,NA,NA,NA,NA,NA,NA,--,,Ⅴ,-,2020-10-03 19:05:03
黄龙溪,府河,,NA,NA,NA,NA,NA,NA,--,,Ⅴ,-,2020-10-03 23:05:02
黄龙溪,府河,,NA,NA,NA,NA,NA,NA,--,,Ⅴ,-,2020-10-04 03:05:02
黄龙溪,府河,,NA,NA,NA,NA,NA,NA,--,,Ⅴ,-,2020-10-04 07:05:03
黄龙溪,府河,,NA,NA,NA,NA,NA,NA,--,,Ⅴ,-,2020-10-04 11:05:02
黄龙溪,府河,,NA,NA,NA,NA,NA,NA,--,,Ⅴ,-,2020-10-04 15:05:02
黄龙溪,府河,,NA,NA,NA,NA,NA,NA,--,,Ⅴ,-,2020-10-04 19:05:03
黄龙溪,府河,,NA,NA,NA,NA,NA,NA,--,,Ⅴ,-,2020-10-04 23:05:02
黄龙溪,府河,,NA,NA,NA,NA,NA,NA,--,,Ⅴ,-,2020-10-05 03:05:02
黄龙溪,府河,,NA,NA,NA,NA,NA,NA,--,,Ⅴ,-,2020-10-05 07:05:02
黄龙溪,府河,,NA,NA,NA,NA,NA,NA,--,,Ⅴ,-,2020-10-05 11:05:02
黄龙溪,府河,,NA,NA,NA,NA,NA,NA,--,,Ⅴ,-,2020-10-05 15:05:02
黄龙溪,府河,,NA,NA,NA,NA,NA,NA,--,,Ⅴ,-,2020-10-05 19:05:03
黄龙溪,府河,,NA,NA,NA,NA,NA,NA,--,,Ⅴ,-,2020-10-05 23:05:02
黄龙溪,府河,,NA,NA,NA,NA,NA,NA,--,,Ⅴ,-,2020-10-06 03:05:02
黄龙溪,府河,,NA,NA,NA,NA,NA,NA,--,,Ⅴ,-,2020-10-06 07:05:02
黄龙溪,府河,,NA,NA,NA,NA,NA,NA,--,,Ⅴ,-,2020-10-06 11:05:03
黄龙溪,府河,,NA,NA,NA,NA,NA,NA,--,,Ⅴ,-,2020-10-06 15:05:02
黄龙溪,府河,,NA,NA,NA,NA,NA,NA,--,,Ⅴ,-,2020-10-06 19:05:03
黄龙溪,府河,,NA,NA,NA,NA,NA,NA,--,,Ⅴ,-,2020-10-06 23:05:02
黄龙溪,府河,,NA,NA,NA,NA,NA,NA,--,,Ⅴ,-,2020-10-07 03:05:03
黄龙溪,府河,,NA,NA,NA,NA,NA,NA,--,,Ⅴ,-,2020-10-07 07:05:02
黄龙溪,府河,,NA,NA,NA,NA,NA,NA,--,,Ⅴ,-,2020-10-07 11:05:03
黄龙溪,府河,,NA,NA,NA,NA,NA,NA,--,,Ⅴ,-,2020-10-07 15:05:02
黄龙溪,府河,,NA,NA,NA,NA,NA,NA,--,,Ⅴ,-,2020-10-07 19:05:04
黄龙溪,府河,,NA,NA,NA,NA,NA,NA,--,,Ⅴ,-,2020-10-07 23:05:02
黄龙溪,府河,,NA,NA,NA,NA,NA,NA,--,,Ⅴ,-,2020-10-08 03:05:02
黄龙溪,府河,,NA,NA,NA,NA,NA,NA,--,,Ⅴ,-,2020-10-08 07:05:02
黄龙溪,府河,,NA,NA,NA,NA,NA,NA,--,,Ⅴ,-,2020-10-08 11:05:02
黄龙溪,府河,,NA,NA,NA,NA,NA,NA,--,,Ⅴ,-,2020-10-08 15:05:02
黄龙溪,府河,,NA,NA,NA,NA,NA,NA,--,,Ⅴ,-,2020-10-08 19:05:02
黄龙溪,府河,,NA,NA,NA,NA,NA,NA,--,,Ⅴ,-,2020-10-08 23:05:03
黄龙溪,府河,,NA,NA,NA,NA,NA,NA,--,,Ⅴ,-,2020-10-09 03:05:01
黄龙溪,府河,,NA,NA,NA,NA,NA,NA,--,,Ⅴ,-,2020-10-09 07:05:02
黄龙溪,府河,,NA,NA,NA,NA,NA,NA,--,,Ⅴ,-,2020-10-09 11:05:02
黄龙溪,府河,,NA,NA,NA,NA,NA,NA,--,,Ⅴ,-,2020-10-09 15:05:02
黄龙溪,府河,,NA,NA,NA,NA,NA,NA,--,,Ⅴ,-,2020-10-09 19:05:02
黄龙溪,府河,,NA,NA,NA,NA,NA,NA,--,,Ⅴ,-,2020-10-09 23:05:03
黄龙溪,府河,,NA,NA,NA,NA,NA,NA,--,,Ⅴ,-,2020-10-10 03:05:02
黄龙溪,府河,,NA,NA,NA,NA,NA,NA,--,,Ⅴ,-,2020-10-10 07:05:03
黄龙溪,府河,,NA,NA,NA,NA,NA,NA,--,,Ⅴ,-,2020-10-10 11:05:02
黄龙溪,府河,,NA,NA,NA,NA,NA,NA,--,,Ⅴ,-,2020-10-10 15:05:03
黄龙溪,府河,,NA,NA,NA,NA,NA,NA,--,,Ⅴ,-,2020-10-10 19:05:02
黄龙溪,府河,,NA,NA,NA,NA,NA,NA,--,,Ⅴ,-,2020-10-10 23:05:03
黄龙溪,府河,,NA,NA,NA,NA,NA,NA,--,,Ⅴ,-,2020-10-11 03:05:02
黄龙溪,府河,,NA,NA,NA,NA,NA,NA,--,,Ⅴ,-,2020-10-11 07:05:03
黄龙溪,府河,,NA,NA,NA,NA,NA,NA,--,,Ⅴ,-,2020-10-11 11:05:02
黄龙溪,府河,,NA,NA,NA,NA,NA,NA,--,,Ⅴ,-,2020-10-11 15:05:02
黄龙溪,府河,,NA,NA,NA,NA,NA,NA,--,,Ⅴ,-,2020-10-11 19:05:02
黄龙溪,府河,,NA,NA,NA,NA,NA,NA,--,,Ⅴ,-,2020-10-11 23:05:03
黄龙溪,府河,,NA,NA,NA,NA,NA,NA,--,,Ⅴ,-,2020-10-12 03:05:02
黄龙溪,府河,,NA,NA,NA,NA,NA,NA,--,,Ⅴ,-,2020-10-12 07:05:02
黄龙溪,府河,,NA,NA,NA,NA,NA,NA,--,,Ⅴ,-,2020-10-12 11:05:02
黄龙溪,府河,,NA,NA,NA,NA,NA,NA,--,,Ⅴ,-,2020-10-12 15:05:03
黄龙溪,府河,,NA,NA,NA,NA,NA,NA,--,,Ⅴ,-,2020-10-12 19:05:03
黄龙溪,府河,,NA,NA,NA,NA,NA,NA,--,,Ⅴ,-,2020-10-12 23:05:03
黄龙溪,府河,,NA,NA,NA,NA,NA,NA,--,,Ⅴ,-,2020-10-13 03:05:02
黄龙溪,府河,,NA,NA,NA,NA,NA,NA,--,,Ⅴ,-,2020-10-13 07:05:02
黄龙溪,府河,,NA,NA,NA,NA,NA,NA,--,,Ⅴ,-,2020-10-13 11:05:03
黄龙溪,府河,,NA,NA,NA,NA,NA,NA,--,,Ⅴ,-,2020-10-13 15:05:02
黄龙溪,府河,,NA,NA,NA,NA,NA,NA,--,,Ⅴ,-,2020-10-13 19:05:03
黄龙溪,府河,,NA,NA,NA,NA,NA,NA,--,,Ⅴ,-,2020-10-13 23:05:02
黄龙溪,府河,,NA,NA,NA,NA,NA,NA,--,,Ⅴ,-,2020-10-14 03:05:01
黄龙溪,府河,,NA,NA,NA,NA,NA,NA,--,,Ⅴ,-,2020-10-14 07:05:02
黄龙溪,府河,,NA,NA,NA,NA,NA,NA,--,,Ⅴ,-,2020-10-14 11:05:02
黄龙溪,府河,,NA,NA,NA,NA,NA,NA,--,,Ⅴ,-,2020-10-14 15:05:02
黄龙溪,府河,,NA,NA,NA,NA,NA,NA,--,,Ⅴ,-,2020-10-14 19:05:03
黄龙溪,府河,,NA,NA,NA,NA,NA,NA,--,,Ⅴ,-,2020-10-14 23:05:02
黄龙溪,府河,,NA,NA,NA,NA,NA,NA,--,,Ⅴ,-,2020-10-15 03:05:02
黄龙溪,府河,,NA,NA,NA,NA,NA,NA,--,,Ⅴ,-,2020-10-15 07:05:02
黄龙溪,府河,,NA,NA,NA,NA,NA,NA,--,,Ⅴ,-,2020-10-15 11:05:03
黄龙溪,府河,,NA,NA,NA,NA,NA,NA,--,,Ⅴ,-,2020-10-15 15:05:03
黄龙溪,府河,,NA,NA,NA,NA,NA,NA,--,,Ⅴ,-,2020-10-15 19:05:02
黄龙溪,府河,,NA,NA,NA,NA,NA,NA,--,,Ⅴ,-,2020-10-16 11:05:02
黄龙溪,府河,,NA,NA,NA,NA,NA,NA,--,,Ⅴ,-,2020-10-16 15:05:02
黄龙溪,府河,,NA,NA,NA,NA,NA,NA,--,,Ⅴ,-,2020-10-16 19:05:02
黄龙溪,府河,,NA,NA,NA,NA,NA,NA,--,,Ⅴ,-,2020-10-17 11:05:03
黄龙溪,府河,,NA,NA,NA,NA,NA,NA,--,,Ⅴ,-,2020-10-17 15:05:03
黄龙溪,府河,,NA,NA,NA,NA,NA,NA,--,,Ⅴ,-,2020-10-17 19:05:02
黄龙溪,府河,,NA,NA,NA,NA,NA,NA,--,,Ⅴ,-,2020-10-18 11:05:04
黄龙溪,府河,,NA,NA,NA,NA,NA,NA,--,,Ⅴ,-,2020-10-18 15:05:02
黄龙溪,府河,,NA,NA,NA,NA,NA,NA,--,,Ⅴ,-,2020-10-18 19:05:02
黄龙溪,府河,,NA,NA,NA,NA,NA,NA,--,,Ⅴ,-,2020-10-19 11:05:03
黄龙溪,府河,,NA,NA,NA,NA,NA,NA,--,,Ⅴ,-,2020-10-19 15:05:02
黄龙溪,府河,,NA,NA,NA,NA,NA,NA,--,,Ⅴ,-,2020-10-19 19:05:02
黄龙溪,府河,,NA,NA,NA,NA,NA,NA,--,,Ⅴ,-,2020-10-19 23:05:03
黄龙溪,府河,,NA,NA,NA,NA,NA,NA,--,,Ⅴ,-,2020-10-20 03:05:02
黄龙溪,府河,,NA,NA,NA,NA,NA,NA,--,,Ⅴ,-,2020-10-20 07:05:02
黄龙溪,府河,,NA,NA,NA,NA,NA,NA,--,,Ⅴ,-,2020-10-20 11:05:02
黄龙溪,府河,,NA,NA,NA,NA,NA,NA,--,,Ⅴ,-,2020-10-20 15:05:03
黄龙溪,府河,,NA,NA,NA,NA,NA,NA,--,,Ⅴ,-,2020-10-20 19:05:02
黄龙溪,府河,,NA,NA,NA,NA,NA,NA,--,,Ⅴ,-,2020-10-20 23:05:03
黄龙溪,府河,,NA,NA,NA,NA,NA,NA,--,,Ⅴ,-,2020-10-21 03:05:02
黄龙溪,府河,,NA,NA,NA,NA,NA,NA,--,,Ⅴ,-,2020-10-21 07:05:02
黄龙溪,府河,,NA,NA,NA,NA,NA,NA,--,,Ⅴ,-,2020-10-21 11:05:02
黄龙溪,府河,,NA,NA,NA,NA,NA,NA,--,,Ⅴ,-,2020-10-21 15:05:02
黄龙溪,府河,,NA,NA,NA,NA,NA,NA,--,,Ⅴ,-,2020-10-21 19:05:02
黄龙溪,府河,,NA,NA,NA,NA,NA,NA,--,,Ⅴ,-,2020-10-21 23:05:03
黄龙溪,府河,,NA,NA,NA,NA,NA,NA,--,,Ⅴ,-,2020-10-22 03:05:02
黄龙溪,府河,,NA,NA,NA,NA,NA,NA,--,,Ⅴ,-,2020-10-22 07:05:02
黄龙溪,府河,,NA,NA,NA,NA,NA,NA,--,,Ⅴ,-,2020-10-22 11:05:02
黄龙溪,府河,,NA,NA,NA,NA,NA,NA,--,,Ⅴ,-,2020-10-22 15:05:02
黄龙溪,府河,,NA,NA,NA,NA,NA,NA,--,,Ⅴ,-,2020-10-22 19:05:02
黄龙溪,府河,,NA,NA,NA,NA,NA,NA,--,,Ⅴ,-,2020-10-22 23:05:03
黄龙溪,府河,,NA,NA,NA,NA,NA,NA,--,,Ⅴ,-,2020-10-23 03:05:02
黄龙溪,府河,,NA,NA,NA,NA,NA,NA,--,,Ⅴ,-,2020-10-23 07:05:02
黄龙溪,府河,,NA,NA,NA,NA,NA,NA,--,,Ⅴ,-,2020-10-23 11:05:02
黄龙溪,府河,,NA,NA,NA,NA,NA,NA,--,,Ⅴ,-,2020-10-23 15:05:02
黄龙溪,府河,,NA,NA,NA,NA,NA,NA,--,,Ⅴ,-,2020-10-23 19:05:02
黄龙溪,府河,,NA,NA,NA,NA,NA,NA,--,,Ⅴ,-,2020-10-23 23:05:04
黄龙溪,府河,,NA,NA,NA,NA,NA,NA,--,,Ⅴ,-,2020-10-24 03:05:02
黄龙溪,府河,,NA,NA,NA,NA,NA,NA,--,,Ⅴ,-,2020-10-24 07:05:03
黄龙溪,府河,,NA,NA,NA,NA,NA,NA,--,,Ⅴ,-,2020-10-24 11:05:03
黄龙溪,府河,,NA,NA,NA,NA,NA,NA,--,,Ⅴ,-,2020-10-24 15:05:02
黄龙溪,府河,,NA,NA,NA,NA,NA,NA,--,,Ⅴ,-,2020-10-24 19:05:02
黄龙溪,府河,,NA,NA,NA,NA,NA,NA,--,,Ⅴ,-,2020-10-24 23:05:02
黄龙溪,府河,,NA,NA,NA,NA,NA,NA,--,,Ⅴ,-,2020-10-25 03:05:02
黄龙溪,府河,,NA,NA,NA,NA,NA,NA,--,,Ⅴ,-,2020-10-25 07:05:03
黄龙溪,府河,,NA,NA,NA,NA,NA,NA,--,,Ⅴ,-,2020-10-25 11:05:03
黄龙溪,府河,,NA,NA,NA,NA,NA,NA,--,,Ⅴ,-,2020-10-25 15:05:02
黄龙溪,府河,,NA,NA,NA,NA,NA,NA,--,,Ⅴ,-,2020-10-25 19:05:02
黄龙溪,府河,,NA,NA,NA,NA,NA,NA,--,,Ⅴ,-,2020-10-25 23:05:02
黄龙溪,府河,,NA,NA,NA,NA,NA,NA,--,,Ⅴ,-,2020-10-26 03:05:02
黄龙溪,府河,,NA,NA,NA,NA,NA,NA,--,,Ⅴ,-,2020-10-26 07:05:03
黄龙溪,府河,,NA,NA,NA,NA,NA,NA,--,,Ⅴ,-,2020-10-26 11:05:02
黄龙溪,府河,,NA,NA,NA,NA,NA,NA,--,,Ⅴ,-,2020-10-26 15:05:03
黄龙溪,府河,,NA,NA,NA,NA,NA,NA,--,,Ⅴ,-,2020-10-26 19:05:03
黄龙溪,府河,,NA,NA,NA,NA,NA,NA,--,,Ⅴ,-,2020-10-26 23:05:03
黄龙溪,府河,,NA,NA,NA,NA,NA,NA,--,,Ⅴ,-,2020-10-27 03:05:04
黄龙溪,府河,,NA,NA,NA,NA,NA,NA,--,,Ⅴ,-,2020-10-27 07:05:02
黄龙溪,府河,,NA,NA,NA,NA,NA,NA,--,,Ⅴ,-,2020-10-27 11:05:04
黄龙溪,府河,,NA,NA,NA,NA,NA,NA,--,,Ⅴ,-,2020-10-27 15:05:03
黄龙溪,府河,,NA,NA,NA,NA,NA,NA,--,,Ⅴ,-,2020-10-27 19:05:04
黄龙溪,府河,,NA,NA,NA,NA,NA,NA,--,,Ⅴ,-,2020-10-27 23:05:04
黄龙溪,府河,,NA,NA,NA,NA,NA,NA,--,,Ⅴ,-,2020-10-28 03:05:03
黄龙溪,府河,,NA,NA,NA,NA,NA,NA,--,,Ⅴ,-,2020-10-28 07:05:02
黄龙溪,府河,,NA,NA,NA,NA,NA,NA,--,,Ⅴ,-,2020-10-28 11:05:04
黄龙溪,府河,,NA,NA,NA,NA,NA,NA,--,,Ⅴ,-,2020-10-28 15:05:02
黄龙溪,府河,,NA,NA,NA,NA,NA,NA,--,,Ⅴ,-,2020-10-28 19:05:02
黄龙溪,府河,,NA,NA,NA,NA,NA,NA,--,,Ⅴ,-,2020-10-28 23:05:03
黄龙溪,府河,,NA,NA,NA,NA,NA,NA,--,,Ⅴ,-,2020-10-29 03:05:02
黄龙溪,府河,,NA,NA,NA,NA,NA,NA,--,,Ⅴ,-,2020-10-29 07:05:02
黄龙溪,府河,,NA,NA,NA,NA,NA,NA,--,,Ⅴ,-,2020-10-29 11:05:02
黄龙溪,府河,,NA,NA,NA,NA,NA,NA,--,,Ⅴ,-,2020-10-29 15:05:03
黄龙溪,府河,,NA,NA,NA,NA,NA,NA,--,,Ⅴ,-,2020-10-29 19:05:02
黄龙溪,府河,,NA,NA,NA,NA,NA,NA,--,,Ⅴ,-,2020-10-29 23:05:03
黄龙溪,府河,,NA,NA,NA,NA,NA,NA,--,,Ⅴ,-,2020-10-30 03:05:02
黄龙溪,府河,,NA,NA,NA,NA,NA,NA,--,,Ⅴ,-,2020-10-30 07:05:02
黄龙溪,府河,,NA,NA,NA,NA,NA,NA,--,,Ⅴ,-,2020-10-30 11:05:02
黄龙溪,府河,,NA,NA,NA,NA,NA,NA,--,,Ⅴ,-,2020-10-30 15:05:02
黄龙溪,府河,,NA,NA,NA,NA,NA,NA,--,,Ⅴ,-,2020-10-30 19:05:02
黄龙溪,府河,,NA,NA,NA,NA,NA,NA,--,,Ⅴ,-,2020-10-30 23:05:03
黄龙溪,府河,,NA,NA,NA,NA,NA,NA,--,,Ⅴ,-,2020-10-31 03:05:02
黄龙溪,府河,,NA,NA,NA,NA,NA,NA,--,,Ⅴ,-,2020-10-31 07:05:02
黄龙溪,府河,,NA,NA,NA,NA,NA,NA,--,,Ⅴ,-,2020-10-31 11:05:03
黄龙溪,府河,,NA,NA,NA,NA,NA,NA,--,,Ⅴ,-,2020-10-31 15:05:02
黄龙溪,府河,,NA,NA,NA,NA,NA,NA,--,,Ⅴ,-,2020-10-31 19:05:02
黄龙溪,府河,,NA,NA,NA,NA,NA,NA,--,,Ⅴ,-,2020-10-31 23:05:03
黄龙溪,府河,,NA,NA,NA,NA,NA,NA,--,,Ⅴ,-,2020-11-01 03:05:02
黄龙溪,府河,,NA,NA,NA,NA,NA,NA,--,,Ⅴ,-,2020-11-01 07:05:02
黄龙溪,府河,,NA,NA,NA,NA,NA,NA,--,,Ⅴ,-,2020-11-01 11:05:02
黄龙溪,府河,,NA,NA,NA,NA,NA,NA,--,,Ⅴ,-,2020-11-01 15:05:02
黄龙溪,府河,,NA,NA,NA,NA,NA,NA,--,,Ⅴ,-,2020-11-01 19:05:02
黄龙溪,府河,,NA,NA,NA,NA,NA,NA,--,,Ⅴ,-,2020-11-01 23:05:02
黄龙溪,府河,,NA,NA,NA,NA,NA,NA,--,,Ⅴ,-,2020-11-02 03:05:02
黄龙溪,府河,,NA,NA,NA,NA,NA,NA,--,,Ⅴ,-,2020-11-02 07:05:03
黄龙溪,府河,,NA,NA,NA,NA,NA,NA,--,,Ⅴ,-,2020-11-02 11:05:02
黄龙溪,府河,,NA,NA,NA,NA,NA,NA,--,,Ⅴ,-,2020-11-02 15:05:02
黄龙溪,府河,,NA,NA,NA,NA,NA,NA,--,,Ⅴ,-,2020-11-02 19:05:02
黄龙溪,府河,,NA,NA,NA,NA,NA,NA,--,,Ⅴ,-,2020-11-02 23:05:02
黄龙溪,府河,,NA,NA,NA,NA,NA,NA,--,,Ⅴ,-,2020-11-03 03:05:02
黄龙溪,府河,,NA,NA,NA,NA,NA,NA,--,,Ⅴ,-,2020-11-03 07:05:02
黄龙溪,府河,,NA,NA,NA,NA,NA,NA,--,,Ⅴ,-,2020-11-03 11:05:02
黄龙溪,府河,,NA,NA,NA,NA,NA,NA,--,,Ⅴ,-,2020-11-03 15:05:01
黄龙溪,府河,,NA,NA,NA,NA,NA,NA,--,,Ⅴ,-,2020-11-03 19:05:03
黄龙溪,府河,,NA,NA,NA,NA,NA,NA,--,,Ⅴ,-,2020-11-03 23:05:03
黄龙溪,府河,,NA,NA,NA,NA,NA,NA,--,,Ⅴ,-,2020-11-04 03:05:02
黄龙溪,府河,,NA,NA,NA,NA,NA,NA,--,,Ⅴ,-,2020-11-04 07:05:02
黄龙溪,府河,,NA,NA,NA,NA,NA,NA,--,,Ⅴ,-,2020-11-04 11:05:02
黄龙溪,府河,,NA,NA,NA,NA,NA,NA,--,,Ⅴ,-,2020-11-04 15:05:02
黄龙溪,府河,,NA,NA,NA,NA,NA,NA,--,,Ⅴ,-,2020-11-04 19:05:03
黄龙溪,府河,,NA,NA,NA,NA,NA,NA,--,,Ⅴ,-,2020-11-04 23:05:03
黄龙溪,府河,,NA,NA,NA,NA,NA,NA,--,,Ⅴ,-,2020-11-05 03:05:02
黄龙溪,府河,,NA,NA,NA,NA,NA,NA,--,,Ⅴ,-,2020-11-05 07:05:02
黄龙溪,府河,,NA,NA,NA,NA,NA,NA,--,,Ⅴ,-,2020-11-05 11:05:03
黄龙溪,府河,,NA,NA,NA,NA,NA,NA,--,,Ⅴ,-,2020-11-05 15:05:02
黄龙溪,府河,,NA,NA,NA,NA,NA,NA,--,,Ⅴ,-,2020-11-05 19:05:02
黄龙溪,府河,,NA,NA,NA,NA,NA,NA,--,,Ⅴ,-,2020-11-05 23:05:03
黄龙溪,府河,,NA,NA,NA,NA,NA,NA,--,,Ⅴ,-,2020-11-06 03:05:03
黄龙溪,府河,,NA,NA,NA,NA,NA,NA,--,,Ⅴ,-,2020-11-06 07:05:03
黄龙溪,府河,,NA,NA,NA,NA,NA,NA,--,,Ⅴ,-,2020-11-06 15:05:03
黄龙溪,府河,,NA,NA,NA,NA,NA,NA,--,,Ⅴ,-,2020-11-06 19:05:03
黄龙溪,府河,,NA,NA,NA,NA,NA,NA,--,,Ⅴ,-,2020-11-06 23:05:03
黄龙溪,府河,,NA,NA,NA,NA,NA,NA,--,,Ⅴ,-,2020-11-07 03:05:02
黄龙溪,府河,,NA,NA,NA,NA,NA,NA,--,,Ⅴ,-,2020-11-07 07:05:02
黄龙溪,府河,,NA,NA,NA,NA,NA,NA,--,,Ⅴ,-,2020-11-07 11:05:02
黄龙溪,府河,,NA,NA,NA,NA,NA,NA,--,,Ⅴ,-,2020-11-07 15:05:02
黄龙溪,府河,,NA,NA,NA,NA,NA,NA,--,,Ⅴ,-,2020-11-07 19:05:02
黄龙溪,府河,,NA,NA,NA,NA,NA,NA,--,,Ⅴ,-,2020-11-07 23:05:03
黄龙溪,府河,,NA,NA,NA,NA,NA,NA,--,,Ⅴ,-,2020-11-08 03:05:02
黄龙溪,府河,,NA,NA,NA,NA,NA,NA,--,,Ⅴ,-,2020-11-08 07:05:03
黄龙溪,府河,,NA,NA,NA,NA,NA,NA,--,,Ⅴ,-,2020-11-08 11:05:02
黄龙溪,府河,,NA,NA,NA,NA,NA,NA,--,,Ⅴ,-,2020-11-08 15:05:03
黄龙溪,府河,,NA,NA,NA,NA,NA,NA,--,,Ⅴ,-,2020-11-08 19:05:02
黄龙溪,府河,,NA,NA,NA,NA,NA,NA,--,,Ⅴ,-,2020-11-08 23:05:03
黄龙溪,府河,,NA,NA,NA,NA,NA,NA,--,,Ⅴ,-,2020-11-09 03:05:02
黄龙溪,府河,,NA,NA,NA,NA,NA,NA,--,,Ⅴ,-,2020-11-09 07:05:02
黄龙溪,府河,,NA,NA,NA,NA,NA,NA,--,,Ⅴ,-,2020-11-09 11:05:02
黄龙溪,府河,,NA,NA,NA,NA,NA,NA,--,,Ⅴ,-,2020-11-09 15:05:02
黄龙溪,府河,,NA,NA,NA,NA,NA,NA,--,,Ⅴ,-,2020-11-09 19:05:02
黄龙溪,府河,,NA,NA,NA,NA,NA,NA,--,,Ⅴ,-,2020-11-09 23:05:02
黄龙溪,府河,,NA,NA,NA,NA,NA,NA,--,,Ⅴ,-,2020-11-10 03:05:02
黄龙溪,府河,,NA,NA,NA,NA,NA,NA,--,,Ⅴ,-,2020-11-10 07:05:02
黄龙溪,府河,,NA,NA,NA,NA,NA,NA,--,,Ⅴ,-,2020-11-10 11:05:03
黄龙溪,府河,,NA,NA,NA,NA,NA,NA,--,,Ⅴ,-,2020-11-10 15:05:02
黄龙溪,府河,,NA,NA,NA,NA,NA,NA,--,,Ⅴ,-,2020-11-10 19:05:02
黄龙溪,府河,,NA,NA,NA,NA,NA,NA,--,,Ⅴ,-,2020-11-10 23:05:03
黄龙溪,府河,,NA,NA,NA,NA,NA,NA,--,,Ⅴ,-,2020-11-11 03:05:02
黄龙溪,府河,,NA,NA,NA,NA,NA,NA,--,,Ⅴ,-,2020-11-11 07:05:02
黄龙溪,府河,,NA,NA,NA,NA,NA,NA,--,,Ⅴ,-,2020-11-11 11:05:02
黄龙溪,府河,,NA,NA,NA,NA,NA,NA,--,,Ⅴ,-,2020-11-11 15:05:02
黄龙溪,府河,,NA,NA,NA,NA,NA,NA,--,,Ⅴ,-,2020-11-11 19:05:03
黄龙溪,府河,,NA,NA,NA,NA,NA,NA,--,,Ⅴ,-,2020-11-11 23:05:03
黄龙溪,府河,,NA,NA,NA,NA,NA,NA,--,,Ⅴ,-,2020-11-12 03:05:02
黄龙溪,府河,,NA,NA,NA,NA,NA,NA,--,,Ⅴ,-,2020-11-12 07:05:02
黄龙溪,府河,,NA,NA,NA,NA,NA,NA,--,,Ⅴ,-,2020-11-12 11:05:03
黄龙溪,府河,,NA,NA,NA,NA,NA,NA,--,,Ⅴ,-,2020-11-12 15:05:02
黄龙溪,府河,,NA,NA,NA,NA,NA,NA,--,,Ⅴ,-,2020-11-12 19:05:03
黄龙溪,府河,,NA,NA,NA,NA,NA,NA,--,,Ⅴ,-,2020-11-12 23:05:03
黄龙溪,府河,,NA,NA,NA,NA,NA,NA,--,,Ⅴ,-,2020-11-13 03:05:02
黄龙溪,府河,,NA,NA,NA,NA,NA,NA,--,,Ⅴ,-,2020-11-13 07:05:03
黄龙溪,府河,,NA,NA,NA,NA,NA,NA,--,,Ⅴ,-,2020-11-13 11:05:02
黄龙溪,府河,,NA,NA,NA,NA,NA,NA,--,,Ⅴ,-,2020-11-13 15:05:02
黄龙溪,府河,,NA,NA,NA,NA,NA,NA,--,,Ⅴ,-,2020-11-13 19:05:03
黄龙溪,府河,,NA,NA,NA,NA,NA,NA,--,,Ⅴ,-,2020-11-13 23:05:02
黄龙溪,府河,,NA,NA,NA,NA,NA,NA,--,,Ⅴ,-,2020-11-14 03:05:02
黄龙溪,府河,,NA,NA,NA,NA,NA,NA,--,,Ⅴ,-,2020-11-14 07:05:03
黄龙溪,府河,,NA,NA,NA,NA,NA,NA,--,,Ⅴ,-,2020-11-14 11:05:02
黄龙溪,府河,,NA,NA,NA,NA,NA,NA,--,,Ⅴ,-,2020-11-14 15:05:02
黄龙溪,府河,,NA,NA,NA,NA,NA,NA,--,,Ⅴ,-,2020-11-14 19:05:02
黄龙溪,府河,,NA,NA,NA,NA,NA,NA,--,,Ⅴ,-,2020-11-14 23:05:03
黄龙溪,府河,,NA,NA,NA,NA,NA,NA,--,,Ⅴ,-,2020-11-15 03:05:02
黄龙溪,府河,,NA,NA,NA,NA,NA,NA,--,,Ⅴ,-,2020-11-15 07:05:03
黄龙溪,府河,,NA,NA,NA,NA,NA,NA,--,,Ⅴ,-,2020-11-15 11:05:02
黄龙溪,府河,,NA,NA,NA,NA,NA,NA,--,,Ⅴ,-,2020-11-15 15:05:02
黄龙溪,府河,,NA,NA,NA,NA,NA,NA,--,,Ⅴ,-,2020-11-15 19:05:02
黄龙溪,府河,,NA,NA,NA,NA,NA,NA,--,,Ⅴ,-,2020-11-15 23:05:02
黄龙溪,府河,,NA,NA,NA,NA,NA,NA,--,,Ⅴ,-,2020-11-16 03:05:03
黄龙溪,府河,,NA,NA,NA,NA,NA,NA,--,,Ⅴ,-,2020-11-16 07:05:02
黄龙溪,府河,,NA,NA,NA,NA,NA,NA,--,,Ⅴ,-,2020-11-16 11:05:02
黄龙溪,府河,,NA,NA,NA,NA,NA,NA,--,,Ⅴ,-,2020-11-16 15:05:02
黄龙溪,府河,,NA,NA,NA,NA,NA,NA,--,,Ⅴ,-,2020-11-16 19:05:02
黄龙溪,府河,,NA,NA,NA,NA,NA,NA,--,,Ⅴ,-,2020-11-16 23:05:03
黄龙溪,府河,,NA,NA,NA,NA,NA,NA,--,,Ⅴ,-,2020-11-17 03:05:02
黄龙溪,府河,,NA,NA,NA,NA,NA,NA,--,,Ⅴ,-,2020-11-17 11:05:01
黄龙溪,府河,,NA,NA,NA,NA,NA,NA,--,,Ⅴ,-,2020-11-17 15:05:03
黄龙溪,府河,,NA,NA,NA,NA,NA,NA,--,,Ⅴ,-,2020-11-17 19:05:02
黄龙溪,府河,,NA,NA,NA,NA,NA,NA,--,,Ⅴ,-,2020-11-17 23:05:02
黄龙溪,府河,,NA,NA,NA,NA,NA,NA,--,,Ⅴ,-,2020-11-18 03:05:02
黄龙溪,府河,,NA,NA,NA,NA,NA,NA,--,,Ⅴ,-,2020-11-18 07:05:02
黄龙溪,府河,,NA,NA,NA,NA,NA,NA,--,,Ⅴ,-,2020-11-18 11:05:02
黄龙溪,府河,,NA,NA,NA,NA,NA,NA,--,,Ⅴ,-,2020-11-18 15:05:02
黄龙溪,府河,,NA,NA,NA,NA,NA,NA,--,,Ⅴ,-,2020-11-18 19:05:03
黄龙溪,府河,,NA,NA,NA,NA,NA,NA,--,,Ⅴ,-,2020-11-18 23:05:02
黄龙溪,府河,,NA,NA,NA,NA,NA,NA,--,,Ⅴ,-,2020-11-19 03:05:02
黄龙溪,府河,,NA,NA,NA,NA,NA,NA,--,,Ⅴ,-,2020-11-19 07:05:02
黄龙溪,府河,,NA,NA,NA,NA,NA,NA,--,,Ⅴ,-,2020-11-19 11:05:03
黄龙溪,府河,,NA,NA,NA,NA,NA,NA,--,,Ⅴ,-,2020-11-19 15:05:02
黄龙溪,府河,,NA,NA,NA,NA,NA,NA,--,,Ⅴ,-,2020-11-19 19:05:03
黄龙溪,府河,,NA,NA,NA,NA,NA,NA,--,,Ⅴ,-,2020-11-19 23:05:03
黄龙溪,府河,,NA,NA,NA,NA,NA,NA,--,,Ⅴ,-,2020-11-20 03:05:01
黄龙溪,府河,,NA,NA,NA,NA,NA,NA,--,,Ⅴ,-,2020-11-20 07:05:02
黄龙溪,府河,,NA,NA,NA,NA,NA,NA,--,,Ⅴ,-,2020-11-20 11:05:03
黄龙溪,府河,,NA,NA,NA,NA,NA,NA,--,,Ⅴ,-,2020-11-20 15:05:02
黄龙溪,府河,,NA,NA,NA,NA,NA,NA,--,,Ⅴ,-,2020-11-20 19:05:02
黄龙溪,府河,,NA,NA,NA,NA,NA,NA,--,,Ⅴ,-,2020-11-20 23:05:03
黄龙溪,府河,,NA,NA,NA,NA,NA,NA,--,,Ⅴ,-,2020-11-21 03:05:02
黄龙溪,府河,,NA,NA,NA,NA,NA,NA,--,,Ⅴ,-,2020-11-21 07:05:03
黄龙溪,府河,,NA,NA,NA,NA,NA,NA,--,,Ⅴ,-,2020-11-21 11:05:02
黄龙溪,府河,,NA,NA,NA,NA,NA,NA,--,,Ⅴ,-,2020-11-21 15:05:02
黄龙溪,府河,,NA,NA,NA,NA,NA,NA,--,,Ⅴ,-,2020-11-21 19:05:02
黄龙溪,府河,,NA,NA,NA,NA,NA,NA,--,,Ⅴ,-,2020-11-21 23:05:03
黄龙溪,府河,,NA,NA,NA,NA,NA,NA,--,,Ⅴ,-,2020-11-22 03:05:02
黄龙溪,府河,,NA,NA,NA,NA,NA,NA,--,,Ⅴ,-,2020-11-22 07:05:02
黄龙溪,府河,,NA,NA,NA,NA,NA,NA,--,,Ⅴ,-,2020-11-22 11:05:02
黄龙溪,府河,,NA,NA,NA,NA,NA,NA,--,,Ⅴ,-,2020-11-22 15:05:02
黄龙溪,府河,,NA,NA,NA,NA,NA,NA,--,,Ⅴ,-,2020-11-22 19:05:02
黄龙溪,府河,,NA,NA,NA,NA,NA,NA,--,,Ⅴ,-,2020-11-22 23:05:02
黄龙溪,府河,,NA,NA,NA,NA,NA,NA,--,,Ⅴ,-,2020-11-23 03:05:02
黄龙溪,府河,,NA,NA,NA,NA,NA,NA,--,,Ⅴ,-,2020-11-23 07:05:02
黄龙溪,府河,,NA,NA,NA,NA,NA,NA,--,,Ⅴ,-,2020-11-23 11:05:02
黄龙溪,府河,,NA,NA,NA,NA,NA,NA,--,,Ⅴ,-,2020-11-23 15:05:02
黄龙溪,府河,,NA,NA,NA,NA,NA,NA,--,,Ⅴ,-,2020-11-23 19:05:03
黄龙溪,府河,,NA,NA,NA,NA,NA,NA,--,,Ⅴ,-,2020-11-23 23:05:03
黄龙溪,府河,,NA,NA,NA,NA,NA,NA,--,,Ⅴ,-,2020-11-24 03:05:02
黄龙溪,府河,,NA,NA,NA,NA,NA,NA,--,,Ⅴ,-,2020-11-24 07:05:02
黄龙溪,府河,,NA,NA,NA,NA,NA,NA,--,,Ⅴ,-,2020-11-24 11:05:02
黄龙溪,府河,,NA,NA,NA,NA,NA,NA,--,,Ⅴ,-,2020-11-24 15:05:02
黄龙溪,府河,,NA,NA,NA,NA,NA,NA,--,,Ⅴ,-,2020-11-24 19:05:03
黄龙溪,府河,,NA,NA,NA,NA,NA,NA,--,,Ⅴ,-,2020-11-24 23:05:03
黄龙溪,府河,,NA,NA,NA,NA,NA,NA,--,,Ⅴ,-,2020-11-25 03:05:02
黄龙溪,府河,,NA,NA,NA,NA,NA,NA,--,,Ⅴ,-,2020-11-25 07:05:02
黄龙溪,府河,,NA,NA,NA,NA,NA,NA,--,,Ⅴ,-,2020-11-25 11:05:02
黄龙溪,府河,,NA,NA,NA,NA,NA,NA,--,,Ⅴ,-,2020-11-25 15:05:02
黄龙溪,府河,,NA,NA,NA,NA,NA,NA,--,,Ⅴ,-,2020-11-25 19:05:03
黄龙溪,府河,,NA,NA,NA,NA,NA,NA,--,,Ⅴ,-,2020-11-25 23:05:04
黄龙溪,府河,,NA,NA,NA,NA,NA,NA,--,,Ⅴ,-,2020-11-26 03:05:02
黄龙溪,府河,,NA,NA,NA,NA,NA,NA,--,,Ⅴ,-,2020-11-26 07:05:02
黄龙溪,府河,,NA,NA,NA,NA,NA,NA,--,,Ⅴ,-,2020-11-26 11:05:02
黄龙溪,府河,,NA,NA,NA,NA,NA,NA,--,,Ⅴ,-,2020-11-26 15:05:02
黄龙溪,府河,,NA,NA,NA,NA,NA,NA,--,,Ⅴ,-,2020-11-26 19:05:02
黄龙溪,府河,,NA,NA,NA,NA,NA,NA,--,,Ⅴ,-,2020-11-26 23:05:03
黄龙溪,府河,,NA,NA,NA,NA,NA,NA,--,,Ⅴ,-,2020-11-27 03:05:02
黄龙溪,府河,,NA,NA,NA,NA,NA,NA,--,,Ⅴ,-,2020-11-27 07:05:03
黄龙溪,府河,,NA,NA,NA,NA,NA,NA,--,,Ⅴ,-,2020-11-27 11:05:03
黄龙溪,府河,,NA,NA,NA,NA,NA,NA,--,,Ⅴ,-,2020-11-27 15:05:02
黄龙溪,府河,,NA,NA,NA,NA,NA,NA,--,,Ⅴ,-,2020-11-27 19:05:02
黄龙溪,府河,,NA,NA,NA,NA,NA,NA,--,,Ⅴ,-,2020-11-27 23:05:03
黄龙溪,府河,,NA,NA,NA,NA,NA,NA,--,,Ⅴ,-,2020-11-28 03:05:02
黄龙溪,府河,,NA,NA,NA,NA,NA,NA,--,,Ⅴ,-,2020-11-28 07:05:02
黄龙溪,府河,,NA,NA,NA,NA,NA,NA,--,,Ⅴ,-,2020-11-28 11:05:02
黄龙溪,府河,,NA,NA,NA,NA,NA,NA,--,,Ⅴ,-,2020-11-28 15:05:02
黄龙溪,府河,,NA,NA,NA,NA,NA,NA,--,,Ⅴ,-,2020-11-28 19:05:02
黄龙溪,府河,,NA,NA,NA,NA,NA,NA,--,,Ⅴ,-,2020-11-28 23:05:03
黄龙溪,府河,,NA,NA,NA,NA,NA,NA,--,,Ⅴ,-,2020-11-29 03:05:02
黄龙溪,府河,,NA,NA,NA,NA,NA,NA,--,,Ⅴ,-,2020-11-29 07:05:02
黄龙溪,府河,,NA,NA,NA,NA,NA,NA,--,,Ⅴ,-,2020-11-29 11:05:02
黄龙溪,府河,,NA,NA,NA,NA,NA,NA,--,,Ⅴ,-,2020-11-29 15:05:03
黄龙溪,府河,,NA,NA,NA,NA,NA,NA,--,,Ⅴ,-,2020-11-29 19:05:02
黄龙溪,府河,,NA,NA,NA,NA,NA,NA,--,,Ⅴ,-,2020-11-29 23:05:03
黄龙溪,府河,,NA,NA,NA,NA,NA,NA,--,,Ⅴ,-,2020-11-30 03:05:02
黄龙溪,府河,,NA,NA,NA,NA,NA,NA,--,,Ⅴ,-,2020-11-30 07:05:02
黄龙溪,府河,,NA,NA,NA,NA,NA,NA,--,,Ⅴ,-,2020-11-30 11:05:02
黄龙溪,府河,,NA,NA,NA,NA,NA,NA,--,,Ⅴ,-,2020-11-30 15:05:02
黄龙溪,府河,,NA,NA,NA,NA,NA,NA,--,,Ⅴ,-,2020-11-30 19:05:02
黄龙溪,府河,,NA,NA,NA,NA,NA,NA,--,,Ⅴ,-,2020-11-30 23:05:02
黄龙溪,府河,,NA,NA,NA,NA,NA,NA,--,,Ⅴ,-,2020-12-01 03:05:02
黄龙溪,府河,,NA,NA,NA,NA,NA,NA,--,,Ⅴ,-,2020-12-01 07:05:02
黄龙溪,府河,,NA,NA,NA,NA,NA,NA,--,,Ⅴ,-,2020-12-01 11:05:02
黄龙溪,府河,,NA,NA,NA,NA,NA,NA,--,,Ⅴ,-,2020-12-01 15:05:02
黄龙溪,府河,,NA,NA,NA,NA,NA,NA,--,,Ⅴ,-,2020-12-01 19:05:03
黄龙溪,府河,,NA,NA,NA,NA,NA,NA,--,,Ⅴ,-,2020-12-01 23:05:03
黄龙溪,府河,,NA,NA,NA,NA,NA,NA,--,,Ⅴ,-,2020-12-02 03:05:02
黄龙溪,府河,,NA,NA,NA,NA,NA,NA,--,,Ⅴ,-,2020-12-02 07:05:02
黄龙溪,府河,,NA,NA,NA,NA,NA,NA,--,,Ⅴ,-,2020-12-02 11:05:02
黄龙溪,府河,,NA,NA,NA,NA,NA,NA,--,,Ⅴ,-,2020-12-02 15:05:02
黄龙溪,府河,,NA,NA,NA,NA,NA,NA,--,,Ⅴ,-,2020-12-02 19:05:03
黄龙溪,府河,,NA,NA,NA,NA,NA,NA,--,,Ⅴ,-,2020-12-02 23:05:03
黄龙溪,府河,,NA,NA,NA,NA,NA,NA,--,,Ⅴ,-,2020-12-03 03:05:02
黄龙溪,府河,,NA,NA,NA,NA,NA,NA,--,,Ⅴ,-,2020-12-03 07:05:02
黄龙溪,府河,,NA,NA,NA,NA,NA,NA,--,,Ⅴ,-,2020-12-03 11:05:02
黄龙溪,府河,,NA,NA,NA,NA,NA,NA,--,,Ⅴ,-,2020-12-03 15:05:02
黄龙溪,府河,,NA,NA,NA,NA,NA,NA,--,,Ⅴ,-,2020-12-03 19:05:02
黄龙溪,府河,,NA,NA,NA,NA,NA,NA,--,,Ⅴ,-,2020-12-03 23:05:03
黄龙溪,府河,,NA,NA,NA,NA,NA,NA,--,,Ⅴ,-,2020-12-04 03:05:02
黄龙溪,府河,,NA,NA,NA,NA,NA,NA,--,,Ⅴ,-,2020-12-04 07:05:03
黄龙溪,府河,,NA,NA,NA,NA,NA,NA,--,,Ⅴ,-,2020-12-04 11:05:02
黄龙溪,府河,,NA,NA,NA,NA,NA,NA,--,,Ⅴ,-,2020-12-04 15:05:03
黄龙溪,府河,,NA,NA,NA,NA,NA,NA,--,,Ⅴ,-,2020-12-04 19:05:02
黄龙溪,府河,,NA,NA,NA,NA,NA,NA,--,,Ⅴ,-,2020-12-04 23:05:02
黄龙溪,府河,,NA,NA,NA,NA,NA,NA,--,,Ⅴ,-,2020-12-05 03:05:02
黄龙溪,府河,,NA,NA,NA,NA,NA,NA,--,,Ⅴ,-,2020-12-05 07:05:01
黄龙溪,府河,,NA,NA,NA,NA,NA,NA,--,,Ⅴ,-,2020-12-05 11:05:02
黄龙溪,府河,,NA,NA,NA,NA,NA,NA,--,,Ⅴ,-,2020-12-05 15:05:02
黄龙溪,府河,,NA,NA,NA,NA,NA,NA,--,,Ⅴ,-,2020-12-05 19:05:02
黄龙溪,府河,,NA,NA,NA,NA,NA,NA,--,,Ⅴ,-,2020-12-05 23:05:03
黄龙溪,府河,,NA,NA,NA,NA,NA,NA,--,,Ⅴ,-,2020-12-06 03:05:02
黄龙溪,府河,,NA,NA,NA,NA,NA,NA,--,,Ⅴ,-,2020-12-06 07:05:02
黄龙溪,府河,,NA,NA,NA,NA,NA,NA,--,,Ⅴ,-,2020-12-06 11:05:02
黄龙溪,府河,,NA,NA,NA,NA,NA,NA,--,,Ⅴ,-,2020-12-06 15:05:02
黄龙溪,府河,,NA,NA,NA,NA,NA,NA,--,,Ⅴ,-,2020-12-06 19:05:02
黄龙溪,府河,,NA,NA,NA,NA,NA,NA,--,,Ⅴ,-,2020-12-06 23:05:03
黄龙溪,府河,,NA,NA,NA,NA,NA,NA,--,,Ⅴ,-,2020-12-07 03:05:02
黄龙溪,府河,,NA,NA,NA,NA,NA,NA,--,,Ⅴ,-,2020-12-07 07:05:02
黄龙溪,府河,,NA,NA,NA,NA,NA,NA,--,,Ⅴ,-,2020-12-07 11:05:02
黄龙溪,府河,,NA,NA,NA,NA,NA,NA,--,,Ⅴ,-,2020-12-07 15:05:01
黄龙溪,府河,,NA,NA,NA,NA,NA,NA,--,,Ⅴ,-,2020-12-07 19:05:03
黄龙溪,府河,,NA,NA,NA,NA,NA,NA,--,,Ⅴ,-,2020-12-07 23:05:03
黄龙溪,府河,,NA,NA,NA,NA,NA,NA,--,,Ⅴ,-,2020-12-08 03:05:02
黄龙溪,府河,,NA,NA,NA,NA,NA,NA,--,,Ⅴ,-,2020-12-08 07:05:02
黄龙溪,府河,,NA,NA,NA,NA,NA,NA,--,,Ⅴ,-,2020-12-08 11:05:02
黄龙溪,府河,,NA,NA,NA,NA,NA,NA,--,,Ⅴ,-,2020-12-08 15:05:02
黄龙溪,府河,,NA,NA,NA,NA,NA,NA,--,,Ⅴ,-,2020-12-08 19:05:03
黄龙溪,府河,,NA,NA,NA,NA,NA,NA,--,,Ⅴ,-,2020-12-08 23:05:03
黄龙溪,府河,,NA,NA,NA,NA,NA,NA,--,,Ⅴ,-,2020-12-09 03:05:02
黄龙溪,府河,,NA,NA,NA,NA,NA,NA,--,,Ⅴ,-,2020-12-09 07:05:03
黄龙溪,府河,,NA,NA,NA,NA,NA,NA,--,,Ⅴ,-,2020-12-09 11:05:01
黄龙溪,府河,,NA,NA,NA,NA,NA,NA,--,,Ⅴ,-,2020-12-09 15:05:02
黄龙溪,府河,,NA,NA,NA,NA,NA,NA,--,,Ⅴ,-,2020-12-09 19:05:02
黄龙溪,府河,,NA,NA,NA,NA,NA,NA,--,,Ⅴ,-,2020-12-09 23:05:02
黄龙溪,府河,,NA,NA,NA,NA,NA,NA,--,,Ⅴ,-,2020-12-10 03:05:02
黄龙溪,府河,,NA,NA,NA,NA,NA,NA,--,,Ⅴ,-,2020-12-10 07:05:03
黄龙溪,府河,,NA,NA,NA,NA,NA,NA,--,,Ⅴ,-,2020-12-10 11:05:02
黄龙溪,府河,,NA,NA,NA,NA,NA,NA,--,,Ⅴ,-,2020-12-10 15:05:02
黄龙溪,府河,,NA,NA,NA,NA,NA,NA,--,,Ⅴ,-,2020-12-10 19:05:02
黄龙溪,府河,,NA,NA,NA,NA,NA,NA,--,,Ⅴ,-,2020-12-10 23:05:02
黄龙溪,府河,,NA,NA,NA,NA,NA,NA,--,,Ⅴ,-,2020-12-11 03:05:02
黄龙溪,府河,,NA,NA,NA,NA,NA,NA,--,,Ⅴ,-,2020-12-11 07:05:02
黄龙溪,府河,,NA,NA,NA,NA,NA,NA,--,,Ⅴ,-,2020-12-11 11:05:02
黄龙溪,府河,,NA,NA,NA,NA,NA,NA,--,,Ⅴ,-,2020-12-11 15:05:02
黄龙溪,府河,,NA,NA,NA,NA,NA,NA,--,,Ⅴ,-,2020-12-11 19:05:02
黄龙溪,府河,,NA,NA,NA,NA,NA,NA,--,,Ⅴ,-,2020-12-11 23:05:03
黄龙溪,府河,,NA,NA,NA,NA,NA,NA,--,,Ⅴ,-,2020-12-12 03:05:02
黄龙溪,府河,,NA,NA,NA,NA,NA,NA,--,,Ⅴ,-,2020-12-12 07:05:02
黄龙溪,府河,,NA,NA,NA,NA,NA,NA,--,,Ⅴ,-,2020-12-12 11:05:03
黄龙溪,府河,,NA,NA,NA,NA,NA,NA,--,,Ⅴ,-,2020-12-12 15:05:02
黄龙溪,府河,,NA,NA,NA,NA,NA,NA,--,,Ⅴ,-,2020-12-12 19:05:02
黄龙溪,府河,,NA,NA,NA,NA,NA,NA,--,,Ⅴ,-,2020-12-12 23:05:03
黄龙溪,府河,,NA,NA,NA,NA,NA,NA,--,,Ⅴ,-,2020-12-13 03:05:02
黄龙溪,府河,,NA,NA,NA,NA,NA,NA,--,,Ⅴ,-,2020-12-13 07:05:02
黄龙溪,府河,,NA,NA,NA,NA,NA,NA,--,,Ⅴ,-,2020-12-13 11:05:02
黄龙溪,府河,,NA,NA,NA,NA,NA,NA,--,,Ⅴ,-,2020-12-13 15:05:02
黄龙溪,府河,,NA,NA,NA,NA,NA,NA,--,,Ⅴ,-,2020-12-13 19:05:02
黄龙溪,府河,,NA,NA,NA,NA,NA,NA,--,,Ⅴ,-,2020-12-13 23:05:02
黄龙溪,府河,,NA,NA,NA,NA,NA,NA,--,,Ⅴ,-,2020-12-14 03:05:02
黄龙溪,府河,,NA,NA,NA,NA,NA,NA,--,,Ⅴ,-,2020-12-14 07:05:02
黄龙溪,府河,,NA,NA,NA,NA,NA,NA,--,,Ⅴ,-,2020-12-14 11:05:02
黄龙溪,府河,,NA,NA,NA,NA,NA,NA,--,,Ⅴ,-,2020-12-14 15:05:02
黄龙溪,府河,,NA,NA,NA,NA,NA,NA,--,,Ⅴ,-,2020-12-14 19:05:02
黄龙溪,府河,,NA,NA,NA,NA,NA,NA,--,,Ⅴ,-,2020-12-14 23:05:02
黄龙溪,府河,,NA,NA,NA,NA,NA,NA,--,,Ⅴ,-,2020-12-15 03:05:02
黄龙溪,府河,,NA,NA,NA,NA,NA,NA,--,,Ⅴ,-,2020-12-15 07:05:02
黄龙溪,府河,,NA,NA,NA,NA,NA,NA,--,,Ⅴ,-,2020-12-15 11:05:03
黄龙溪,府河,,NA,NA,NA,NA,NA,NA,--,,Ⅴ,-,2020-12-15 15:05:02
黄龙溪,府河,,NA,NA,NA,NA,NA,NA,--,,Ⅴ,-,2020-12-15 19:05:03
黄龙溪,府河,,NA,NA,NA,NA,NA,NA,--,,Ⅴ,-,2020-12-15 23:05:02
黄龙溪,府河,,NA,NA,NA,NA,NA,NA,--,,Ⅴ,-,2020-12-16 03:05:02
黄龙溪,府河,,NA,NA,NA,NA,NA,NA,--,,Ⅴ,-,2020-12-16 07:05:02
黄龙溪,府河,,NA,NA,NA,NA,NA,NA,--,,Ⅴ,-,2020-12-16 11:05:02
黄龙溪,府河,,NA,NA,NA,NA,NA,NA,--,,Ⅴ,-,2020-12-16 19:05:02
黄龙溪,府河,,NA,NA,NA,NA,NA,NA,--,,Ⅴ,-,2020-12-16 23:05:03
黄龙溪,府河,,NA,NA,NA,NA,NA,NA,--,,Ⅴ,-,2020-12-17 03:05:03
黄龙溪,府河,,NA,NA,NA,NA,NA,NA,--,,Ⅴ,-,2020-12-17 07:05:01
黄龙溪,府河,,NA,NA,NA,NA,NA,NA,--,,Ⅴ,-,2020-12-17 11:05:02
黄龙溪,府河,,NA,NA,NA,NA,NA,NA,--,,Ⅴ,-,2020-12-17 15:05:02
黄龙溪,府河,,NA,NA,NA,NA,NA,NA,--,,Ⅴ,-,2020-12-17 19:05:02
黄龙溪,府河,,NA,NA,NA,NA,NA,NA,--,,Ⅴ,-,2020-12-17 23:05:03
黄龙溪,府河,,NA,NA,NA,NA,NA,NA,--,,Ⅴ,-,2020-12-18 03:05:02
黄龙溪,府河,,NA,NA,NA,NA,NA,NA,--,,Ⅴ,-,2020-12-18 07:05:02
黄龙溪,府河,,NA,NA,NA,NA,NA,NA,--,,Ⅴ,-,2020-12-18 11:05:02
黄龙溪,府河,,NA,NA,NA,NA,NA,NA,--,,Ⅴ,-,2020-12-18 15:05:03
黄龙溪,府河,,NA,NA,NA,NA,NA,NA,--,,Ⅴ,-,2020-12-18 19:05:02
黄龙溪,府河,,NA,NA,NA,NA,NA,NA,--,,Ⅴ,-,2020-12-18 23:05:03
黄龙溪,府河,,NA,NA,NA,NA,NA,NA,--,,Ⅴ,-,2020-12-19 03:05:02
黄龙溪,府河,,NA,NA,NA,NA,NA,NA,--,,Ⅴ,-,2020-12-19 07:05:02
黄龙溪,府河,,NA,NA,NA,NA,NA,NA,--,,Ⅴ,-,2020-12-19 11:05:02
黄龙溪,府河,,NA,NA,NA,NA,NA,NA,--,,Ⅴ,-,2020-12-19 15:05:02
黄龙溪,府河,,NA,NA,NA,NA,NA,NA,--,,Ⅴ,-,2020-12-19 19:05:03
黄龙溪,府河,,NA,NA,NA,NA,NA,NA,--,,Ⅴ,-,2020-12-19 23:05:02
黄龙溪,府河,,NA,NA,NA,NA,NA,NA,--,,Ⅴ,-,2020-12-20 03:05:02
黄龙溪,府河,,NA,NA,NA,NA,NA,NA,--,,Ⅴ,-,2020-12-20 07:05:02
黄龙溪,府河,,NA,NA,NA,NA,NA,NA,--,,Ⅴ,-,2020-12-20 11:05:02
黄龙溪,府河,,NA,NA,NA,NA,NA,NA,--,,Ⅴ,-,2020-12-20 15:05:02
黄龙溪,府河,,NA,NA,NA,NA,NA,NA,--,,Ⅴ,-,2020-12-20 19:05:03
黄龙溪,府河,,NA,NA,NA,NA,NA,NA,--,,Ⅴ,-,2020-12-20 23:05:02
黄龙溪,府河,,NA,NA,NA,NA,NA,NA,--,,Ⅴ,-,2020-12-21 03:05:02
黄龙溪,府河,,NA,NA,NA,NA,NA,NA,--,,Ⅴ,-,2020-12-21 07:05:02
黄龙溪,府河,,NA,NA,NA,NA,NA,NA,--,,Ⅴ,-,2020-12-21 11:05:03
黄龙溪,府河,,NA,NA,NA,NA,NA,NA,--,,Ⅴ,-,2020-12-21 15:05:03
黄龙溪,府河,,NA,NA,NA,NA,NA,NA,--,,Ⅴ,-,2020-12-21 19:05:03
黄龙溪,府河,,NA,NA,NA,NA,NA,NA,--,,Ⅴ,-,2020-12-21 23:05:03
黄龙溪,府河,,NA,NA,NA,NA,NA,NA,--,,Ⅴ,-,2020-12-22 03:05:02
黄龙溪,府河,,NA,NA,NA,NA,NA,NA,--,,Ⅴ,-,2020-12-22 07:05:02
黄龙溪,府河,,NA,NA,NA,NA,NA,NA,--,,Ⅴ,-,2020-12-22 11:05:03
黄龙溪,府河,,NA,NA,NA,NA,NA,NA,--,,Ⅴ,-,2020-12-22 15:05:02
黄龙溪,府河,,NA,NA,NA,NA,NA,NA,--,,Ⅴ,-,2020-12-22 19:05:02
黄龙溪,府河,,NA,NA,NA,NA,NA,NA,--,,Ⅴ,-,2020-12-22 23:05:03
黄龙溪,府河,,NA,NA,NA,NA,NA,NA,--,,Ⅴ,-,2020-12-23 03:05:02
黄龙溪,府河,,NA,NA,NA,NA,NA,NA,--,,Ⅴ,-,2020-12-23 07:05:03
黄龙溪,府河,,NA,NA,NA,NA,NA,NA,--,,Ⅴ,-,2020-12-23 11:05:02
黄龙溪,府河,,NA,NA,NA,NA,NA,NA,--,,Ⅴ,-,2020-12-23 15:05:02
黄龙溪,府河,,NA,NA,NA,NA,NA,NA,--,,Ⅴ,-,2020-12-23 19:05:02
黄龙溪,府河,,NA,NA,NA,NA,NA,NA,--,,Ⅴ,-,2020-12-23 23:05:02
黄龙溪,府河,,NA,NA,NA,NA,NA,NA,--,,Ⅴ,-,2020-12-24 03:05:02
黄龙溪,府河,,NA,NA,NA,NA,NA,NA,--,,Ⅴ,-,2020-12-24 07:05:01
黄龙溪,府河,,NA,NA,NA,NA,NA,NA,--,,Ⅴ,-,2020-12-24 11:05:02
黄龙溪,府河,,NA,NA,NA,NA,NA,NA,--,,Ⅴ,-,2020-12-24 15:05:02
黄龙溪,府河,,NA,NA,NA,NA,NA,NA,--,,Ⅴ,-,2020-12-24 19:05:02
黄龙溪,府河,,NA,NA,NA,NA,NA,NA,--,,Ⅴ,-,2020-12-24 23:05:02
黄龙溪,府河,,NA,NA,NA,NA,NA,NA,--,,Ⅴ,-,2020-12-25 03:05:01
黄龙溪,府河,,NA,NA,NA,NA,NA,NA,--,,Ⅴ,-,2020-12-25 07:05:01
黄龙溪,府河,,NA,NA,NA,NA,NA,NA,--,,Ⅴ,-,2020-12-25 11:05:02
黄龙溪,府河,,NA,NA,NA,NA,NA,NA,--,,Ⅴ,-,2020-12-25 15:05:01
黄龙溪,府河,,NA,NA,NA,NA,NA,NA,--,,Ⅴ,-,2020-12-25 19:05:02
黄龙溪,府河,,NA,NA,NA,NA,NA,NA,--,,Ⅴ,-,2020-12-25 23:05:02
黄龙溪,府河,,NA,NA,NA,NA,NA,NA,--,,Ⅴ,-,2020-12-26 03:05:01
黄龙溪,府河,,NA,NA,NA,NA,NA,NA,--,,Ⅴ,-,2020-12-26 07:05:02
黄龙溪,府河,,NA,NA,NA,NA,NA,NA,--,,Ⅴ,-,2020-12-26 11:05:02
黄龙溪,府河,,NA,NA,NA,NA,NA,NA,--,,Ⅴ,-,2020-12-26 15:05:01
黄龙溪,府河,,NA,NA,NA,NA,NA,NA,--,,Ⅴ,-,2020-12-26 19:05:02
黄龙溪,府河,,NA,NA,NA,NA,NA,NA,--,,Ⅴ,-,2020-12-26 23:05:02
黄龙溪,府河,,NA,NA,NA,NA,NA,NA,--,,Ⅴ,-,2020-12-27 03:05:01
黄龙溪,府河,,NA,NA,NA,NA,NA,NA,--,,Ⅴ,-,2020-12-27 07:05:02
黄龙溪,府河,,NA,NA,NA,NA,NA,NA,--,,Ⅴ,-,2020-12-27 11:05:02
黄龙溪,府河,,NA,NA,NA,NA,NA,NA,--,,Ⅴ,-,2020-12-27 15:05:02
黄龙溪,府河,,NA,NA,NA,NA,NA,NA,--,,Ⅴ,-,2020-12-27 19:05:02
黄龙溪,府河,,NA,NA,NA,NA,NA,NA,--,,Ⅴ,-,2020-12-27 23:05:02
黄龙溪,府河,,NA,NA,NA,NA,NA,NA,--,,Ⅴ,-,2020-12-28 03:05:01
黄龙溪,府河,,NA,NA,NA,NA,NA,NA,--,,Ⅴ,-,2020-12-28 07:05:02
黄龙溪,府河,,NA,NA,NA,NA,NA,NA,--,,Ⅴ,-,2020-12-28 11:05:01
黄龙溪,府河,,NA,NA,NA,NA,NA,NA,--,,Ⅴ,-,2020-12-28 15:05:02
黄龙溪,府河,,NA,NA,NA,NA,NA,NA,--,,Ⅴ,-,2020-12-28 23:05:02
黄龙溪,府河,,NA,NA,NA,NA,NA,NA,--,,Ⅴ,-,2020-12-29 03:05:02
黄龙溪,府河,,NA,NA,NA,NA,NA,NA,--,,Ⅴ,-,2020-12-29 07:05:02
黄龙溪,府河,,NA,NA,NA,NA,NA,NA,--,,Ⅴ,-,2020-12-29 11:05:02
黄龙溪,府河,,NA,NA,NA,NA,NA,NA,--,,Ⅴ,-,2020-12-29 15:05:02
黄龙溪,府河,,NA,NA,NA,NA,NA,NA,--,,Ⅴ,-,2020-12-29 23:05:03
黄龙溪,府河,,NA,NA,NA,NA,NA,NA,--,,Ⅴ,-,2020-12-30 03:05:02
黄龙溪,府河,,NA,NA,NA,NA,NA,NA,--,,Ⅴ,-,2020-12-30 07:05:02
黄龙溪,府河,,NA,NA,NA,NA,NA,NA,--,,Ⅴ,-,2020-12-30 11:05:02
黄龙溪,府河,,NA,NA,NA,NA,NA,NA,--,,Ⅴ,-,2020-12-30 15:05:02
黄龙溪,府河,,NA,NA,NA,NA,NA,NA,--,,Ⅴ,-,2020-12-30 23:05:02
黄龙溪,府河,,NA,NA,NA,NA,NA,NA,--,,Ⅴ,-,2020-12-31 03:05:02
黄龙溪,府河,,NA,NA,NA,NA,NA,NA,--,,Ⅴ,-,2020-12-31 07:05:01
黄龙溪,府河,,NA,NA,NA,NA,NA,NA,--,,Ⅴ,-,2020-12-31 11:05:02
黄龙溪,府河,,NA,NA,NA,NA,NA,NA,--,,Ⅴ,-,2020-12-31 15:05:02
黄龙溪,府河,,NA,NA,NA,NA,NA,NA,--,,Ⅴ,-,2020-12-31 23:05:02
黄龙溪,府河,,NA,NA,NA,NA,NA,NA,--,,Ⅴ,-,2021-01-01 03:05:02
黄龙溪,府河,,NA,NA,NA,NA,NA,NA,--,,Ⅴ,-,2021-01-01 07:05:01
黄龙溪,府河,,NA,NA,NA,NA,NA,NA,--,,Ⅴ,-,2021-01-01 11:05:01
黄龙溪,府河,,NA,NA,NA,NA,NA,NA,--,,Ⅴ,-,2021-01-01 15:05:02
黄龙溪,府河,,NA,NA,NA,NA,NA,NA,--,,Ⅴ,-,2021-01-01 19:05:03
黄龙溪,府河,,NA,NA,NA,NA,NA,NA,--,,Ⅴ,-,2021-01-01 23:05:02
黄龙溪,府河,,NA,NA,NA,NA,NA,NA,--,,Ⅴ,-,2021-01-02 03:05:01
黄龙溪,府河,,NA,NA,NA,NA,NA,NA,--,,Ⅴ,-,2021-01-02 07:05:01
黄龙溪,府河,,NA,NA,NA,NA,NA,NA,--,,Ⅴ,-,2021-01-02 11:05:01
黄龙溪,府河,,NA,NA,NA,NA,NA,NA,--,,Ⅴ,-,2021-01-02 15:05:02
黄龙溪,府河,,NA,NA,NA,NA,NA,NA,--,,Ⅴ,-,2021-01-02 19:05:02
黄龙溪,府河,,NA,NA,NA,NA,NA,NA,--,,Ⅴ,-,2021-01-02 23:05:02
黄龙溪,府河,,NA,NA,NA,NA,NA,NA,--,,Ⅴ,-,2021-01-03 03:05:01
黄龙溪,府河,,NA,NA,NA,NA,NA,NA,--,,Ⅴ,-,2021-01-03 07:05:02
黄龙溪,府河,,NA,NA,NA,NA,NA,NA,--,,Ⅴ,-,2021-01-03 11:05:02
黄龙溪,府河,,NA,NA,NA,NA,NA,NA,--,,Ⅴ,-,2021-01-03 15:05:01
黄龙溪,府河,,NA,NA,NA,NA,NA,NA,--,,Ⅴ,-,2021-01-03 19:05:03
黄龙溪,府河,,NA,NA,NA,NA,NA,NA,--,,Ⅴ,-,2021-01-03 23:05:02
黄龙溪,府河,,NA,NA,NA,NA,NA,NA,--,,Ⅴ,-,2021-01-04 03:05:01
黄龙溪,府河,,NA,NA,NA,NA,NA,NA,--,,Ⅴ,-,2021-01-04 07:05:02
黄龙溪,府河,,NA,NA,NA,NA,NA,NA,--,,Ⅴ,-,2021-01-04 11:05:01
黄龙溪,府河,,NA,NA,NA,NA,NA,NA,--,,Ⅴ,-,2021-01-04 15:05:02
黄龙溪,府河,,NA,NA,NA,NA,NA,NA,--,,Ⅴ,-,2021-01-04 19:05:02
黄龙溪,府河,,NA,NA,NA,NA,NA,NA,--,,Ⅴ,-,2021-01-04 23:05:02
黄龙溪,府河,,NA,NA,NA,NA,NA,NA,--,,Ⅴ,-,2021-01-05 03:05:01
黄龙溪,府河,,NA,NA,NA,NA,NA,NA,--,,Ⅴ,-,2021-01-05 07:05:02
黄龙溪,府河,,NA,NA,NA,NA,NA,NA,--,,Ⅴ,-,2021-01-05 11:05:02
黄龙溪,府河,,NA,NA,NA,NA,NA,NA,--,,Ⅴ,-,2021-01-05 15:05:02
黄龙溪,府河,,NA,NA,NA,NA,NA,NA,--,,Ⅴ,-,2021-01-05 19:05:02
黄龙溪,府河,,NA,NA,NA,NA,NA,NA,--,,Ⅴ,-,2021-01-05 23:05:02
黄龙溪,府河,,NA,NA,NA,NA,NA,NA,--,,Ⅴ,-,2021-01-06 03:05:02
黄龙溪,府河,,NA,NA,NA,NA,NA,NA,--,,Ⅴ,-,2021-01-06 07:05:01
黄龙溪,府河,,NA,NA,NA,NA,NA,NA,--,,Ⅴ,-,2021-01-06 11:05:02
黄龙溪,府河,,NA,NA,NA,NA,NA,NA,--,,Ⅴ,-,2021-01-06 15:05:02
黄龙溪,府河,,NA,NA,NA,NA,NA,NA,--,,Ⅴ,-,2021-01-06 19:05:02
黄龙溪,府河,,NA,NA,NA,NA,NA,NA,--,,Ⅴ,-,2021-01-06 23:05:02
黄龙溪,府河,,NA,NA,NA,NA,NA,NA,--,,Ⅴ,-,2021-01-07 03:05:02
黄龙溪,府河,,NA,NA,NA,NA,NA,NA,--,,Ⅴ,-,2021-01-07 07:05:01
黄龙溪,府河,,NA,NA,NA,NA,NA,NA,--,,Ⅴ,-,2021-01-07 11:05:02
黄龙溪,府河,,NA,NA,NA,NA,NA,NA,--,,Ⅴ,-,2021-01-07 15:05:02
黄龙溪,府河,,NA,NA,NA,NA,NA,NA,--,,Ⅴ,-,2021-01-07 19:05:02
黄龙溪,府河,,NA,NA,NA,NA,NA,NA,--,,Ⅴ,-,2021-01-07 23:05:02
黄龙溪,府河,,NA,NA,NA,NA,NA,NA,--,,Ⅴ,-,2021-01-08 03:05:01
黄龙溪,府河,,NA,NA,NA,NA,NA,NA,--,,Ⅴ,-,2021-01-08 07:05:02
黄龙溪,府河,,NA,NA,NA,NA,NA,NA,--,,Ⅴ,-,2021-01-08 11:05:02
黄龙溪,府河,,NA,NA,NA,NA,NA,NA,--,,Ⅴ,-,2021-01-08 15:05:02
